best_reward,best_reward_std,best_score,step,test_episode,test_step,timing/test_time,timing/total_time,timing/train_time,timing/train_time_collect,timing/train_time_update,timing/update_speed,train_episode,train_step,update_step
-19.962019626637904,0.0,-19.962019626637904,1,8.0,2380.0,0.0,5.4544947147369385,5.4544947147369385,0.0,2.1623547077178955,3754.701594020651,24.0,20480.0,10.0
207.23519530698246,0.0,207.23519530698246,2,12.0,5772.0,0.0,11.316995620727539,11.316995620727539,0.0,4.749965667724609,3619.335146245006,36.0,40960.0,20.0
207.23519530698246,0.0,207.23519530698246,3,16.0,6580.0,0.0,15.852059841156006,15.852059841156006,0.0,6.723461866378784,3875.8369963054283,37.0,61440.0,30.0
207.23519530698246,0.0,207.23519530698246,4,20.0,7596.0,0.0,21.186716556549072,21.186716556549072,0.0,9.450611114501953,3866.573651530611,76.0,81920.0,40.0
224.03180955478183,0.0,224.03180955478183,5,24.0,8900.0,0.0,26.25267505645752,26.25267505645752,0.0,11.780176162719727,3900.5548874461115,114.0,102400.0,50.0
285.874743406977,0.0,285.874743406977,6,28.0,12956.0,0.0,32.70195293426514,32.70195293426514,0.0,14.822983980178833,3757.573752460705,121.0,122880.0,60.0
285.874743406977,0.0,285.874743406977,7,32.0,14260.0,0.0,38.815659284591675,38.815659284591675,0.0,18.209370374679565,3693.3547604821542,129.0,143360.0,70.0
285.874743406977,0.0,285.874743406977,8,36.0,15608.0,0.0,45.062908411026,45.062908411026,0.0,21.695899963378906,3635.806160259101,156.0,163840.0,80.0
285.874743406977,0.0,285.874743406977,9,40.0,18612.0,0.0,51.15358352661133,51.15358352661133,0.0,24.595906019210815,3603.266619710275,178.0,184320.0,90.0
285.874743406977,0.0,285.874743406977,10,44.0,20044.0,0.0,56.68957757949829,56.68957757949829,0.0,27.378711223602295,3612.657012883893,179.0,204800.0,100.0
314.1257541115557,0.0,314.1257541115557,11,48.0,23144.0,0.0,62.248486042022705,62.248486042022705,0.0,29.77101969718933,3619.0438406472726,187.0,225280.0,110.0
343.8945504144915,0.0,343.8945504144915,12,52.0,26112.0,0.0,68.45230484008789,68.45230484008789,0.0,32.870155811309814,3590.237035467577,220.0,245760.0,120.0
343.8945504144915,0.0,343.8945504144915,13,56.0,28748.0,0.0,74.78285765647888,74.78285765647888,0.0,36.17654252052307,3560.1741942384047,245.0,266240.0,130.0
558.0590450712624,0.0,558.0590450712624,14,60.0,32068.0,0.0,80.7583236694336,80.7583236694336,0.0,38.9645893573761,3550.3461064103453,255.0,286720.0,140.0
579.1950100702857,0.0,579.1950100702857,15,64.0,35560.0,0.0,86.91567158699036,86.91567158699036,0.0,41.83487939834595,3534.46040732178,268.0,307200.0,150.0
579.1950100702857,0.0,579.1950100702857,16,68.0,37024.0,0.0,91.89573669433594,91.89573669433594,0.0,44.015320777893066,3565.7802177475423,283.0,327680.0,160.0
579.1950100702857,0.0,579.1950100702857,17,72.0,38312.0,0.0,96.7020971775055,96.7020971775055,0.0,46.0839524269104,3600.3355683271343,286.0,348160.0,170.0
579.1950100702857,0.0,579.1950100702857,18,76.0,39696.0,0.0,101.86355710029602,101.86355710029602,0.0,48.498671531677246,3618.9586393201726,303.0,368640.0,180.0
6102.2830045194405,0.0,6102.2830045194405,19,80.0,62028.0,0.0,113.42218947410583,113.42218947410583,0.0,51.8664710521698,3430.7219936786328,312.0,389120.0,190.0
6102.2830045194405,0.0,6102.2830045194405,20,84.0,84292.0,0.0,123.5828902721405,123.5828902721405,0.0,53.89721369743347,3314.374660586303,313.0,409600.0,200.0
6669.092652913746,0.0,6669.092652913746,21,88.0,106592.0,0.0,133.75426292419434,133.75426292419434,0.0,55.97707462310791,3215.4489180187793,325.0,430080.0,210.0
6669.092652913746,0.0,6669.092652913746,22,92.0,127704.0,0.0,143.66877031326294,143.66877031326294,0.0,57.96346163749695,3136.1025713352687,325.0,450560.0,220.0
6669.092652913746,0.0,6669.092652913746,23,96.0,130340.0,0.0,148.70488476753235,148.70488476753235,0.0,59.92955684661865,3167.6161864915757,335.0,471040.0,230.0
6669.092652913746,0.0,6669.092652913746,24,100.0,133028.0,0.0,154.27585577964783,154.27585577964783,0.0,62.45638704299927,3185.9813547366603,361.0,491520.0,240.0
6669.092652913746,0.0,6669.092652913746,25,104.0,134172.0,0.0,160.23389315605164,160.23389315605164,0.0,65.80892777442932,3195.328965148239,388.0,512000.0,250.0
6669.092652913746,0.0,6669.092652913746,26,108.0,137140.0,0.0,166.37582182884216,166.37582182884216,0.0,68.76075887680054,3200.465032399868,410.0,532480.0,260.0
6669.092652913746,0.0,6669.092652913746,27,112.0,140184.0,0.0,171.90494203567505,171.90494203567505,0.0,71.15499019622803,3216.6614493563857,413.0,552960.0,270.0
6669.092652913746,0.0,6669.092652913746,28,116.0,160304.0,0.0,183.00400114059448,183.00400114059448,0.0,74.55258774757385,3133.4834015975944,419.0,573440.0,280.0
6669.092652913746,0.0,6669.092652913746,29,120.0,161488.0,0.0,189.1211473941803,189.1211473941803,0.0,77.98549365997314,3140.4208793324838,422.0,593920.0,290.0
6669.092652913746,0.0,6669.092652913746,30,124.0,162624.0,0.0,195.29262471199036,195.29262471199036,0.0,81.44442772865295,3146.0481464985796,430.0,614400.0,300.0
6669.092652913746,0.0,6669.092652913746,31,128.0,163816.0,0.0,201.33547711372375,201.33547711372375,0.0,84.78018951416016,3153.343906903153,496.0,634880.0,310.0
8215.430646751583,0.0,8215.430646751583,32,132.0,187276.0,0.0,213.3462269306183,213.3462269306183,0.0,88.14479398727417,3071.814343419946,518.0,655360.0,320.0
8215.430646751583,0.0,8215.430646751583,33,136.0,207240.0,0.0,223.50057220458984,223.50057220458984,0.0,90.62043118476868,3023.884875701096,519.0,675840.0,330.0
8215.430646751583,0.0,8215.430646751583,34,140.0,227456.0,0.0,233.24193167686462,233.24193167686462,0.0,92.60457444190979,2985.398015673647,526.0,696320.0,340.0
8215.430646751583,0.0,8215.430646751583,35,144.0,228744.0,0.0,238.38490891456604,238.38490891456604,0.0,95.07769393920898,3006.901750885965,527.0,716800.0,350.0
8215.430646751583,0.0,8215.430646751583,36,148.0,248908.0,0.0,249.0483524799347,249.0483524799347,0.0,98.19792771339417,2960.3889873529724,536.0,737280.0,360.0
8215.430646751583,0.0,8215.430646751583,37,152.0,251648.0,0.0,255.10205721855164,255.10205721855164,0.0,101.2415611743927,2970.4190090117936,536.0,757760.0,370.0
8215.430646751583,0.0,8215.430646751583,38,156.0,254176.0,0.0,261.0128903388977,261.0128903388977,0.0,104.19232559204102,2981.615195286093,547.0,778240.0,380.0
8215.430646751583,0.0,8215.430646751583,39,160.0,255408.0,0.0,267.2003242969513,267.2003242969513,0.0,107.6996955871582,2989.2179289136934,548.0,798720.0,390.0
8215.430646751583,0.0,8215.430646751583,40,164.0,274744.0,0.0,278.2469880580902,278.2469880580902,0.0,111.09168338775635,2944.1468736724432,572.0,819200.0,400.0
8215.430646751583,0.0,8215.430646751583,41,168.0,275664.0,0.0,284.3259484767914,284.3259484767914,0.0,114.5405752658844,2953.230278482797,572.0,839680.0,410.0
8215.430646751583,0.0,8215.430646751583,42,172.0,276972.0,0.0,290.37653851509094,290.37653851509094,0.0,117.94437742233276,2962.222789756471,592.0,860160.0,420.0
8215.430646751583,0.0,8215.430646751583,43,176.0,279644.0,0.0,296.5854775905609,296.5854775905609,0.0,121.15488743782043,2969.2620392416243,595.0,880640.0,430.0
8215.430646751583,0.0,8215.430646751583,44,180.0,280908.0,0.0,302.07626080513,302.07626080513,0.0,123.99433541297913,2983.087772598305,601.0,901120.0,440.0
8215.430646751583,0.0,8215.430646751583,45,184.0,300788.0,0.0,312.25522470474243,312.25522470474243,0.0,126.56520533561707,2951.4318002891146,607.0,921600.0,450.0
8215.430646751583,0.0,8215.430646751583,46,188.0,302092.0,0.0,316.93931794166565,316.93931794166565,0.0,128.5513916015625,2972.4301993146673,617.0,942080.0,460.0
8215.430646751583,0.0,8215.430646751583,47,192.0,303352.0,0.0,321.6766083240509,321.6766083240509,0.0,130.63855624198914,2992.3220249522633,623.0,962560.0,470.0
8215.430646751583,0.0,8215.430646751583,48,196.0,304544.0,0.0,326.31819915771484,326.31819915771484,0.0,132.59386324882507,3012.5196894852957,627.0,983040.0,480.0
8215.430646751583,0.0,8215.430646751583,49,200.0,305740.0,0.0,330.97186064720154,330.97186064720154,0.0,134.56241726875305,3032.040240634533,637.0,1003520.0,490.0
8215.430646751583,0.0,8215.430646751583,50,204.0,306836.0,0.0,335.55964756011963,335.55964756011963,0.0,136.4931516647339,3051.6184155204114,640.0,1024000.0,500.0
