collect_speed,collect_time,lens_stat/max,lens_stat/mean,lens_stat/min,lens_stat/std,n_collected_episodes,n_collected_steps,pred_dist_std_array_stat/0/max,pred_dist_std_array_stat/0/mean,pred_dist_std_array_stat/0/min,pred_dist_std_array_stat/0/std,returns_stat/max,returns_stat/mean,returns_stat/min,returns_stat/std,step
7698.826248984984,0.26601457595825195,236.0,40.7,8.0,66.49368391057907,10.0,2048.0,1.1707777976989746,1.0492758750915527,0.9974080920219421,0.03599252551794052,-93.14535496295264,-275.73723794082844,-929.413818983054,253.65874367026026,2048
8901.21912605735,0.23008084297180176,85.0,85.0,85.0,0.0,1.0,2048.0,1.2078930139541626,1.1002614498138428,1.0144248008728027,0.03627115115523338,-9.99619679734225,-9.99619679734225,-9.99619679734225,0.0,4096
8703.938782168847,0.23529577255249023,,,,,0.0,2048.0,1.197583794593811,1.098353624343872,0.9565891027450562,0.05324801802635193,,,,,6144
8656.319909385074,0.23659014701843262,27.0,27.0,27.0,0.0,1.0,2048.0,1.2102514505386353,1.070528268814087,0.915561318397522,0.06768442690372467,-2257.9337641734746,-2257.9337641734746,-2257.9337641734746,0.0,8192
8493.003938054979,0.24113965034484863,,,,,0.0,2048.0,1.2671233415603638,1.0047082901000977,0.8151633739471436,0.12475559115409851,,,,,10240
8520.306646088167,0.24036693572998047,78.0,78.0,78.0,0.0,1.0,2048.0,1.2790191173553467,0.9846256971359253,0.7282516956329346,0.08590957522392273,-270.29004481545473,-270.29004481545473,-270.29004481545473,0.0,12288
8481.90062375523,0.2414553165435791,234.0,103.0,12.0,92.43916918709297,4.0,2048.0,1.2888071537017822,0.9509183168411255,0.7232024073600769,0.11201193928718567,-2293.834335048351,-2485.8644415685812,-2668.982710288508,149.49425200815548,14336
8880.651602871605,0.23061370849609375,196.0,137.66666666666666,87.0,44.82806660514767,3.0,2048.0,1.1482049226760864,0.9779858589172363,0.7526561617851257,0.09095537662506104,-149.06595950174932,-212.08901803320882,-250.00837001139536,44.87010602401191,16384
8837.07215179716,0.2317509651184082,168.0,153.5,139.0,14.5,2.0,2048.0,1.1980690956115723,0.9654794931411743,0.6702042818069458,0.11756886541843414,118.31247775191935,14.191183008831686,-89.93011173425597,104.12129474308766,18432
8886.926798685263,0.23045086860656738,204.0,184.0,164.0,20.0,2.0,2048.0,1.106387734413147,0.9085897207260132,0.6065094470977783,0.13161751627922058,100.158466602643,-65.1423860216714,-230.44323864598582,165.30085262431442,20480
8907.283280725695,0.22992420196533203,224.0,168.66666666666666,91.0,56.546932326657256,3.0,2048.0,1.2249042987823486,0.8907636404037476,0.6400853991508484,0.12056925892829895,138.14828641287977,51.91846034172389,-93.0798059012343,103.1403730811433,22528
8912.366175497134,0.22979307174682617,165.0,165.0,165.0,0.0,1.0,2048.0,1.1620351076126099,0.8862227201461792,0.6827152967453003,0.10035426914691925,243.33189812041422,243.33189812041422,243.33189812041422,0.0,24576
8844.961362978767,0.23154425621032715,155.0,155.0,155.0,0.0,1.0,2048.0,1.2996455430984497,0.9084828495979309,0.6689907312393188,0.16717097163200378,-63.73018564049609,-63.73018564049609,-63.73018564049609,0.0,26624
8859.548367932935,0.23116302490234375,212.0,135.0,49.0,66.8480864847055,3.0,2048.0,1.278143286705017,0.8746387362480164,0.6447130441665649,0.12988263368606567,65.01818285896451,-6.862303127843698,-70.50291903348761,55.63220804984554,28672
8930.74986848097,0.22932004928588867,87.0,87.0,87.0,0.0,1.0,2048.0,1.1243726015090942,0.8092700242996216,0.5584275722503662,0.09689158946275711,51.41918044667706,51.41918044667706,51.41918044667706,0.0,30720
8596.201222691341,0.23824477195739746,111.0,70.0,29.0,41.0,2.0,2048.0,1.1074175834655762,0.7962131500244141,0.6158125996589661,0.0887230783700943,194.27901716093317,148.72805688546728,103.1770966100014,45.55096027546588,32768
8479.547838241768,0.24152231216430664,149.0,149.0,149.0,0.0,1.0,2048.0,1.2096375226974487,0.7923890948295593,0.5044689178466797,0.1457493007183075,150.37552716358834,150.37552716358834,150.37552716358834,0.0,34816
8528.52918189039,0.24013519287109375,,,,,0.0,2048.0,1.1513270139694214,0.8098546862602234,0.5364959239959717,0.1409444361925125,,,,,36864
8537.590623884962,0.23988032341003418,,,,,0.0,2048.0,1.08980131149292,0.8110359907150269,0.5261934399604797,0.16283202171325684,,,,,38912
8661.557006889972,0.23644709587097168,,,,,0.0,2048.0,1.1561537981033325,0.7760896682739258,0.5027118921279907,0.17564865946769714,,,,,40960
8633.412457134127,0.23721790313720703,,,,,0.0,2048.0,1.0581700801849365,0.7235031127929688,0.45725804567337036,0.1437588334083557,,,,,43008
8634.853097814832,0.23717832565307617,,,,,0.0,2048.0,1.0194299221038818,0.7476768493652344,0.5846269130706787,0.0888446569442749,,,,,45056
8632.232531403879,0.23725032806396484,,,,,0.0,2048.0,0.9289121627807617,0.7285196185112,0.44045206904411316,0.10768605023622513,,,,,47104
8662.491621824402,0.2364215850830078,,,,,0.0,2048.0,0.9026413559913635,0.6821810007095337,0.3892739713191986,0.10192593187093735,,,,,49152
8696.83610135789,0.2354879379272461,,,,,0.0,2048.0,1.1327251195907593,0.6890931129455566,0.2936210632324219,0.14398697018623352,,,,,51200
8712.024909075788,0.2350773811340332,,,,,0.0,2048.0,1.056841254234314,0.6819497346878052,0.276023805141449,0.17334574460983276,,,,,53248
8647.178916426745,0.23684024810791016,,,,,0.0,2048.0,0.9076605439186096,0.6448023915290833,0.41424325108528137,0.07644496113061905,,,,,55296
8919.73279226106,0.22960329055786133,,,,,0.0,2048.0,0.8064658045768738,0.6618276834487915,0.3958989679813385,0.08433101326227188,,,,,57344
8920.918510579522,0.22957277297973633,,,,,0.0,2048.0,0.8800360560417175,0.6410560011863708,0.4636761546134949,0.08900657296180725,,,,,59392
8910.239895773257,0.22984790802001953,218.0,218.0,218.0,0.0,1.0,2048.0,0.8831900954246521,0.6615386605262756,0.43478909134864807,0.08862362802028656,2555.1031903976577,2555.1031903976577,2555.1031903976577,0.0,61440
8873.147720957522,0.23080873489379883,207.0,90.0,26.0,62.080592780675026,5.0,2048.0,0.8951897025108337,0.6904406547546387,0.5465711951255798,0.06021152809262276,3319.249819583989,480.01798166252877,-1523.7876155731183,1967.9655177697725,63488
8823.637453595942,0.23210382461547852,218.0,124.5,9.0,81.3403343981324,4.0,2048.0,0.9650514125823975,0.7121403217315674,0.5157579183578491,0.06322947889566422,-1059.4725401253252,-1596.3405377946888,-2047.2152391018756,351.8887097750981,65536
8846.364149604588,0.2315075397491455,190.0,124.66666666666667,37.0,64.42739238001867,3.0,2048.0,1.0288496017456055,0.7145193815231323,0.46719247102737427,0.08875387161970139,-1093.8960960157897,-1279.8178379067836,-1626.7993354285989,245.56282197849276,67584
8835.990417146273,0.2317793369293213,143.0,95.0,27.0,49.42334131426837,3.0,2048.0,1.0288068056106567,0.707695484161377,0.46852579712867737,0.08576159924268723,-282.6868128141921,-932.3462549481652,-1471.9056304138546,491.6990051807137,69632
8879.017648603223,0.23065614700317383,242.0,113.5,4.0,84.78649656637548,4.0,2048.0,1.1700801849365234,0.7441942095756531,0.5084804892539978,0.1452939808368683,-222.33661386633293,-588.0644138186589,-1156.539164466579,348.52328390654566,71680
8860.17890890037,0.23114657402038574,125.0,118.0,111.0,7.0,2.0,2048.0,1.1619139909744263,0.7381367683410645,0.4479965269565582,0.12807020545005798,42.48983369221844,15.8872976230321,-10.715238446154238,26.60253606918634,73728
8812.97332080288,0.23238468170166016,141.0,90.33333333333333,3.0,62.017918557641245,3.0,2048.0,1.193346619606018,0.7835736274719238,0.6107292175292969,0.11697826534509659,81.8401846352424,-12.94338946575968,-152.25124077729208,100.61977045212723,75776
8853.147520945222,0.23133015632629395,199.0,127.0,25.0,74.13501197140255,3.0,2048.0,1.0271741151809692,0.7170236110687256,0.5583971738815308,0.07758449763059616,103.81350918278801,28.721748236387253,-105.44334757064524,95.09417154676714,77824
8840.7192756936,0.23165535926818848,240.0,178.0,59.0,64.41428413015237,5.0,2048.0,0.9920607805252075,0.6972095966339111,0.557095468044281,0.08406636118888855,5484.745803092776,1762.0340127587765,138.38912736196423,2144.5766248267782,79872
8847.448425883773,0.23147916793823242,251.0,160.71428571428572,75.0,58.362694262967786,7.0,2048.0,0.9703525304794312,0.7130115032196045,0.6006081700325012,0.07654549181461334,5949.428453127724,2263.7682413042367,87.10419971054232,2504.4967948157546,81920
8656.572890108051,0.23658323287963867,251.0,160.14285714285714,6.0,76.11913326476854,7.0,2048.0,0.9465633630752563,0.7150842547416687,0.5947927832603455,0.07496415823698044,178.5310708547588,148.6686188472369,104.116384386228,27.92007873215354,83968
8643.124379431018,0.23695135116577148,222.0,132.5,18.0,78.69296876680491,6.0,2048.0,0.953470766544342,0.6654258966445923,0.5467445254325867,0.0939561277627945,192.66050218155772,134.29329664476515,-8.859032771983237,71.39062168880305,86016
8608.830975992303,0.23789525032043457,248.0,130.0,25.0,88.33054802437101,7.0,2048.0,0.9470629692077637,0.6398715972900391,0.5217432379722595,0.07726328819990158,193.9715235571278,186.29486774114858,180.36289197541623,4.893935270485785,88064
8623.670390567902,0.2374858856201172,138.0,83.8,9.0,47.02935253647449,5.0,2048.0,0.9448094964027405,0.6626893281936646,0.5474873185157776,0.06761973351240158,194.27026453120857,182.6850681398342,173.85871673985332,7.465824205559612,90112
8590.965507860943,0.2383899688720703,214.0,102.75,5.0,78.14849646666275,8.0,2048.0,0.940920889377594,0.6300422549247742,0.5093547105789185,0.07978995889425278,197.53612323660246,168.70788152175504,101.02327278504227,31.302894997960657,92160
8637.006276205318,0.23711919784545898,242.0,165.5,89.0,76.5,2.0,2048.0,0.9657530784606934,0.6940635442733765,0.5516149997711182,0.08917310833930969,190.5614456001155,124.40888602680607,58.256326453496655,66.15255957330942,94208
8459.189361232786,0.24210357666015625,14.0,14.0,14.0,0.0,1.0,2048.0,1.1289762258529663,0.77860426902771,0.5238968729972839,0.12947393953800201,148.16769939899106,148.16769939899106,148.16769939899106,0.0,96256
8499.340125601217,0.24095988273620605,112.0,112.0,112.0,0.0,1.0,2048.0,1.3065160512924194,0.9539743065834045,0.3859708607196808,0.28325513005256653,179.42609267617098,179.42609267617098,179.42609267617098,0.0,98304
8528.749344204676,0.2401289939880371,203.0,203.0,203.0,0.0,1.0,2048.0,1.3704490661621094,1.062089443206787,0.39548376202583313,0.2813529968261719,191.45132095708274,191.45132095708274,191.45132095708274,0.0,100352
8914.077180515069,0.22974896430969238,,,,,0.0,2048.0,1.3488149642944336,1.0100934505462646,0.5385879278182983,0.22772173583507538,,,,,102400
8905.205585337711,0.22997784614562988,30.0,30.0,30.0,0.0,1.0,2048.0,1.238878846168518,0.7953201532363892,0.4449635148048401,0.21123021841049194,191.93936112213117,191.93936112213117,191.93936112213117,0.0,104448
8955.964876502663,0.22867441177368164,,,,,0.0,2048.0,1.0995467901229858,0.6410809755325317,0.4607449769973755,0.1458241492509842,,,,,106496
8915.640781011927,0.22970867156982422,,,,,0.0,2048.0,0.9781078696250916,0.6035714149475098,0.47137871384620667,0.06938868016004562,,,,,108544
8898.323799934324,0.23015570640563965,19.0,19.0,19.0,0.0,1.0,2048.0,0.9800103306770325,0.6258177757263184,0.5104218125343323,0.0560138002038002,266.5976072912798,266.5976072912798,266.5976072912798,0.0,110592
8873.761865260352,0.23079276084899902,47.0,47.0,47.0,0.0,1.0,2048.0,0.9937344789505005,0.6498128175735474,0.49802637100219727,0.12721194326877594,204.12086758501314,204.12086758501314,204.12086758501314,0.0,112640
8863.415270160813,0.2310621738433838,45.0,45.0,45.0,0.0,1.0,2048.0,1.1559067964553833,0.6209909915924072,0.49393582344055176,0.1112426221370697,157.47107458757742,157.47107458757742,157.47107458757742,0.0,114688
8895.743568659818,0.23022246360778809,104.0,104.0,104.0,0.0,1.0,2048.0,1.16090989112854,0.5897443294525146,0.4358561635017395,0.09515726566314697,206.66401367365182,206.66401367365182,206.66401367365182,0.0,116736
8864.028067916102,0.23104619979858398,189.0,189.0,189.0,0.0,1.0,2048.0,1.0027918815612793,0.5537923574447632,0.4725635051727295,0.05577107146382332,217.3522721012246,217.3522721012246,217.3522721012246,0.0,118784
8822.839920213804,0.23212480545043945,,,,,0.0,2048.0,0.671579897403717,0.5201082825660706,0.4723379611968994,0.031190065667033195,,,,,120832
8860.663298419922,0.23113393783569336,57.0,57.0,57.0,0.0,1.0,2048.0,0.8525440692901611,0.5242436528205872,0.4445350468158722,0.0428357869386673,215.36704800787606,215.36704800787606,215.36704800787606,0.0,122880
8674.038065079007,0.23610687255859375,,,,,0.0,2048.0,0.9263993501663208,0.5448416471481323,0.4047785997390747,0.08737692981958389,,,,,124928
8674.344639688812,0.2360985279083252,,,,,0.0,2048.0,0.8871238827705383,0.5915089845657349,0.44375884532928467,0.09762444347143173,,,,,126976
8674.914050034135,0.2360830307006836,125.0,125.0,125.0,0.0,1.0,2048.0,1.1304086446762085,0.5586884021759033,0.3210093080997467,0.10583852231502533,323.29684802782344,323.29684802782344,323.29684802782344,0.0,129024
8656.058220748297,0.23659729957580566,,,,,0.0,2048.0,1.3142313957214355,0.5952768325805664,0.3956235647201538,0.1320921629667282,,,,,131072
8696.677613022235,0.23549222946166992,,,,,0.0,2048.0,1.0356546640396118,0.5725676417350769,0.33659809827804565,0.11440331488847733,,,,,133120
8688.198112654118,0.23572206497192383,,,,,0.0,2048.0,0.8846096992492676,0.5983245372772217,0.39971646666526794,0.089597187936306,,,,,135168
8669.33705004133,0.2362349033355713,,,,,0.0,2048.0,1.3124428987503052,0.6059243679046631,0.362019807100296,0.1732158064842224,,,,,137216
8668.715881935026,0.2362518310546875,39.0,39.0,39.0,0.0,1.0,2048.0,1.2232121229171753,0.6845120787620544,0.36373665928840637,0.1739138960838318,-1199.1400922916866,-1199.1400922916866,-1199.1400922916866,0.0,139264
8630.307168936284,0.2373032569885254,253.0,223.5,168.0,33.57454392839909,4.0,2048.0,1.158022403717041,0.6013656854629517,0.4118109941482544,0.1144486740231514,4030.6565065469604,3242.865078914135,2884.748746745327,458.62760091590314,141312
8654.035029463234,0.23665261268615723,108.0,98.5,89.0,9.5,2.0,2048.0,0.9708104133605957,0.5331178903579712,0.395686537027359,0.09439755231142044,4524.604082077566,4179.987294248978,3835.3705064203905,344.6167878285878,143360
8517.434192156365,0.240447998046875,233.0,124.0,15.0,109.0,2.0,2048.0,0.9599161744117737,0.505861222743988,0.3467538356781006,0.12635104358196259,5345.586550441104,2874.540823893637,403.4950973461698,2471.045726547467,145408
8521.320915984494,0.24033832550048828,201.0,201.0,201.0,0.0,1.0,2048.0,1.027848720550537,0.5743882656097412,0.3549690246582031,0.13463658094406128,271.98698512839707,271.98698512839707,271.98698512839707,0.0,147456
8601.150492241883,0.23810768127441406,249.0,117.33333333333333,17.0,78.85993208777757,6.0,2048.0,0.989740788936615,0.5428081750869751,0.3817605972290039,0.10429754853248596,369.0396783058332,267.27206042680933,179.339966699396,62.60362475579787,149504
8206.823650354167,0.24954843521118164,229.0,193.33333333333334,124.0,49.032868794536405,3.0,2048.0,1.0406140089035034,0.5330737829208374,0.3936288058757782,0.10276684165000916,270.09067036258654,239.96941889457153,223.54125427981614,21.328189563578448,151552
8675.614965398274,0.23606395721435547,152.0,152.0,152.0,0.0,1.0,2048.0,1.0253560543060303,0.5546011924743652,0.3951973617076874,0.10554851591587067,268.05222884002706,268.05222884002706,268.05222884002706,0.0,153600
8656.389695693842,0.2365882396697998,168.0,85.25,6.0,64.70461730046782,4.0,2048.0,1.0626649856567383,0.5432659983634949,0.3216289281845093,0.1139044463634491,334.39888071526,250.18949191100705,185.56800327772095,56.4370166615678,155648
8633.863690457045,0.23720550537109375,152.0,81.0,10.0,71.0,2.0,2048.0,1.0689531564712524,0.5207104682922363,0.34449440240859985,0.10130535811185837,360.2543445651188,302.4979536028366,244.7415626405544,57.7563909622822,157696
8666.27581566015,0.23631834983825684,124.0,75.5,27.0,48.5,2.0,2048.0,1.095633864402771,0.5460897088050842,0.35119563341140747,0.11437253654003143,318.75731603498156,313.1669268626681,307.5765376903547,5.590389172313422,159744
8669.109569700071,0.23624110221862793,240.0,136.5,60.0,66.8898348032046,4.0,2048.0,1.1665081977844238,0.5225265026092529,0.3568410873413086,0.13603363931179047,414.08658765078053,341.89732517331197,266.1282553914931,55.56964283135238,161792
8688.136599989683,0.23572373390197754,235.0,128.0,21.0,107.0,2.0,2048.0,1.2566413879394531,0.5332027673721313,0.3376736044883728,0.13670441508293152,346.42633525385105,307.8132089657412,269.20008267763137,38.61312628810984,163840
8557.382309693925,0.23932552337646484,174.0,114.5,55.0,59.5,2.0,2048.0,1.2071212530136108,0.5200046300888062,0.29473453760147095,0.1593138575553894,315.46551949174443,292.323989339743,269.18245918774153,23.14153015200145,165888
8516.674160868211,0.24046945571899414,149.0,97.66666666666667,11.0,61.62971866090436,3.0,2048.0,1.1393306255340576,0.5125832557678223,0.3289182782173157,0.13281548023223877,360.2374442759859,304.91421849942463,226.23397130608907,57.14540243446949,167936
8535.834473109433,0.2399296760559082,91.0,91.0,91.0,0.0,1.0,2048.0,1.1189005374908447,0.5369564890861511,0.34596768021583557,0.13808833062648773,145.8771645212924,145.8771645212924,145.8771645212924,0.0,169984
8497.33068222511,0.24101686477661133,214.0,101.0,9.0,75.09660445053424,4.0,2048.0,1.1955050230026245,0.5599367618560791,0.38078126311302185,0.1338667869567871,384.4678003590733,141.1367215065313,-104.66191560799186,206.92347211569555,172032
8526.827541366347,0.24018311500549316,192.0,155.66666666666666,110.0,34.120700787384514,3.0,2048.0,1.0831109285354614,0.4992309808731079,0.3677216172218323,0.12546074390411377,422.765229254587,362.426875527289,296.10803130423756,51.88022197386236,174080
8536.428259668399,0.2399129867553711,157.0,157.0,157.0,0.0,1.0,2048.0,1.0342178344726562,0.5117263793945312,0.27142590284347534,0.11760810762643814,30.15713841749141,30.15713841749141,30.15713841749141,0.0,176128
8645.220778880943,0.236893892288208,211.0,199.0,175.0,16.97056274847714,3.0,2048.0,1.0740209817886353,0.5758637189865112,0.19890451431274414,0.12622123956680298,442.5171685924685,380.482547279272,330.49486915634645,46.519497868537236,178176
8689.560402009034,0.23568511009216309,84.0,84.0,84.0,0.0,1.0,2048.0,0.9713238477706909,0.5368386507034302,0.2448733150959015,0.12236761301755905,90.27467290697277,90.27467290697277,90.27467290697277,0.0,180224
8662.316912117654,0.23642635345458984,250.0,88.75,7.0,95.04308233638048,4.0,2048.0,0.9988448023796082,0.5258293151855469,0.2885456085205078,0.11318909376859665,533.9947068324452,352.06895932546513,211.6757362545834,117.46161415676882,182272
8675.518582819515,0.23606657981872559,,,,,0.0,2048.0,1.251853346824646,0.540291965007782,0.28134509921073914,0.1369100958108902,,,,,184320
8707.529781701884,0.2351987361907959,36.0,36.0,36.0,0.0,1.0,2048.0,1.3371219635009766,0.6280542612075806,0.36693429946899414,0.20278680324554443,292.31303467202434,292.31303467202434,292.31303467202434,0.0,186368
8695.110650427572,0.23553466796875,,,,,0.0,2048.0,1.1973780393600464,0.5978087186813354,0.37846440076828003,0.17550259828567505,,,,,188416
8635.929552798203,0.23714876174926758,,,,,0.0,2048.0,1.259810447692871,0.6949806213378906,0.3832220435142517,0.21517136693000793,,,,,190464
8684.675719423187,0.23581767082214355,,,,,0.0,2048.0,1.2120513916015625,0.6314917802810669,0.361012727022171,0.17539963126182556,,,,,192512
8665.130595306066,0.23634958267211914,,,,,0.0,2048.0,1.1652058362960815,0.6695187091827393,0.3485546410083771,0.14574994146823883,,,,,194560
8703.136285667679,0.23531746864318848,,,,,0.0,2048.0,1.062471628189087,0.577781081199646,0.3469190001487732,0.13634680211544037,,,,,196608
8647.7447657591,0.23682475090026855,,,,,0.0,2048.0,0.9399908185005188,0.5790876150131226,0.2931640148162842,0.1434052586555481,,,,,198656
8684.789866926572,0.23581457138061523,,,,,0.0,2048.0,1.1256986856460571,0.5314220190048218,0.22103233635425568,0.1892622411251068,,,,,200704
8631.807490134643,0.23726201057434082,,,,,0.0,2048.0,0.9127822518348694,0.5515627861022949,0.24630053341388702,0.1521337628364563,,,,,202752
8601.339968798628,0.23810243606567383,,,,,0.0,2048.0,0.905107319355011,0.5676358342170715,0.2994590401649475,0.1477128267288208,,,,,204800
8694.538585724857,0.2355501651763916,,,,,0.0,2048.0,0.908299446105957,0.5624187588691711,0.3457717299461365,0.10993582010269165,,,,,206848
8673.530074861515,0.23612070083618164,,,,,0.0,2048.0,0.8542343378067017,0.5710713267326355,0.2802280783653259,0.11455533653497696,,,,,208896
8497.70895669301,0.24100613594055176,,,,,0.0,2048.0,0.8441345691680908,0.579038679599762,0.3113432228565216,0.11447546631097794,,,,,210944
8517.08793885894,0.24045777320861816,,,,,0.0,2048.0,0.8388189673423767,0.5882912278175354,0.22390282154083252,0.12097810953855515,,,,,212992
8537.480312957192,0.2398834228515625,,,,,0.0,2048.0,0.8506935834884644,0.5936293601989746,0.21871015429496765,0.13148337602615356,,,,,215040
8525.558102766014,0.2402188777923584,,,,,0.0,2048.0,1.0603936910629272,0.597964882850647,0.2131628543138504,0.1272931694984436,,,,,217088
8937.598225368614,0.22914433479309082,,,,,0.0,2048.0,0.9818297028541565,0.5840801000595093,0.28869563341140747,0.14187949895858765,,,,,219136
8863.104330572578,0.23107028007507324,90.0,85.0,80.0,5.0,2.0,2048.0,0.9598418474197388,0.5829139947891235,0.25385820865631104,0.1374615877866745,5827.004467041091,5543.365174796196,5259.7258825513,283.6392922448954,221184
8834.20931373406,0.2318260669708252,239.0,163.0,34.0,83.60921001899253,4.0,2048.0,0.9652340412139893,0.5198346376419067,0.2714543640613556,0.12059329450130463,6169.796018844075,4604.894093917006,231.18374645710642,2526.148549108916,223232
8830.96700544666,0.23191118240356445,158.0,145.5,133.0,12.5,2.0,2048.0,0.9214552640914917,0.49777519702911377,0.20388959348201752,0.12803225219249725,6157.199488125995,6147.482196520272,6137.764904914548,9.717291605723403,225280
8883.30576488534,0.2305448055267334,247.0,127.75,16.0,97.06795300200783,4.0,2048.0,0.8617259860038757,0.5094029903411865,0.19445161521434784,0.13182196021080017,6209.841253277365,1740.960042500018,150.22946051262343,2581.3425235283107,227328
8859.429580406382,0.23116612434387207,195.0,136.0,76.0,48.586692279539534,3.0,2048.0,0.8743400573730469,0.4894811511039734,0.1971384733915329,0.1480981558561325,254.75133939781364,235.9146575020311,226.04462960696804,13.32465033263341,229376
8901.468175195492,0.23007440567016602,107.0,84.33333333333333,64.0,17.632041540584257,3.0,2048.0,0.776519238948822,0.4847712814807892,0.19615109264850616,0.13559751212596893,394.00047990407995,292.83391561292325,218.32262253150222,74.1554898179196,231424
8849.754535404954,0.23141884803771973,134.0,98.5,8.0,52.371270750288275,4.0,2048.0,0.8103767037391663,0.5086735486984253,0.22888687252998352,0.13004745543003082,348.4795980313059,263.17017792722413,224.50177127259133,50.34495907896807,233472
8872.185426988795,0.2308337688446045,176.0,92.75,26.0,55.07892065028145,4.0,2048.0,0.7592839598655701,0.4802978038787842,0.23023858666419983,0.1170128881931305,332.14049164883414,283.11763774875186,216.69012082758383,42.1265228675373,235520
8811.156293049597,0.23243260383605957,202.0,114.0,41.0,66.57827473483124,3.0,2048.0,0.7771437764167786,0.5037603378295898,0.2553848624229431,0.11347890645265579,322.6627058478034,274.17289100227646,224.00372349838364,40.29486210895173,237568
8860.252020905815,0.23114466667175293,197.0,121.75,81.0,45.65837820159626,4.0,2048.0,0.773009717464447,0.485561728477478,0.2180088758468628,0.12758231163024902,438.6633552656392,299.5102482758569,227.29724025453748,86.01306917363061,239616
8833.091947120329,0.2318553924560547,218.0,129.4,27.0,69.46250787295259,5.0,2048.0,0.78640216588974,0.45178061723709106,0.22628441452980042,0.1144675686955452,450.99768542096683,331.5038415481052,225.93936718881804,90.722139400227,241664
8800.017407570942,0.2327268123626709,136.0,136.0,136.0,0.0,1.0,2048.0,0.7675288915634155,0.4586973786354065,0.23550297319889069,0.1388547718524933,249.66067779056078,249.66067779056078,249.66067779056078,0.0,243712
8867.715789093349,0.23095011711120605,167.0,100.5,34.0,66.5,2.0,2048.0,0.8683974146842957,0.5002954602241516,0.2075531929731369,0.14861717820167542,386.4959994105144,359.76160100546906,333.02720260042366,26.73439840504537,245760
8873.431866709501,0.23080134391784668,189.0,105.2,37.0,57.188810094283305,5.0,2048.0,0.9104048609733582,0.4442172646522522,0.2041817605495453,0.13823996484279633,457.7658055399053,362.5700608857063,296.52391881818437,53.83348280674045,247808
8674.51983491021,0.23609375953674316,116.0,116.0,116.0,0.0,1.0,2048.0,0.8257037401199341,0.49651971459388733,0.25382888317108154,0.12621252238750458,65.98290028868546,65.98290028868546,65.98290028868546,0.0,249856
8643.950639546527,0.23692870140075684,168.0,128.0,88.0,40.0,2.0,2048.0,0.9250969290733337,0.4826071262359619,0.19343885779380798,0.1567053645849228,390.11863979774574,245.9600295609448,101.8014193241439,144.1586102368009,251904
8866.123195668262,0.23099160194396973,123.0,91.6,58.0,24.368832553078942,5.0,2048.0,0.8126389980316162,0.4297419488430023,0.16131845116615295,0.13763399422168732,524.7481469613376,414.8930312205971,349.6378494857969,67.37170812498846,253952
8912.541870070958,0.22978854179382324,133.0,133.0,133.0,0.0,1.0,2048.0,0.778523325920105,0.4703299105167389,0.14734096825122833,0.14881828427314758,456.22891940006355,456.22891940006355,456.22891940006355,0.0,256000
8646.064844973569,0.23687076568603516,197.0,140.5,84.0,56.5,2.0,2048.0,0.8748399019241333,0.4964943528175354,0.14697958528995514,0.1603352427482605,443.1196297807553,281.9563221533788,120.79301452600231,161.1633076273765,258048
8642.5591345704,0.23696684837341309,128.0,104.0,42.0,35.96526101670889,4.0,2048.0,1.1653376817703247,0.45869314670562744,0.14992263913154602,0.1856212168931961,486.64693843848613,396.9078935339705,297.37191251903255,74.04863970155607,260096
8693.940198595801,0.2355663776397705,192.0,192.0,192.0,0.0,1.0,2048.0,1.1786587238311768,0.51216059923172,0.14450106024742126,0.22108423709869385,423.2015264943146,423.2015264943146,423.2015264943146,0.0,262144
8891.728757767383,0.23032641410827637,208.0,153.5,99.0,54.5,2.0,2048.0,1.1160650253295898,0.5260348320007324,0.16085810959339142,0.1602877825498581,519.25903011787,487.03301617245415,454.8070022270383,32.22601394541584,264192
8918.584428178374,0.22963285446166992,159.0,134.5,110.0,24.5,2.0,2048.0,1.1460987329483032,0.4599345624446869,0.17342640459537506,0.17298108339309692,475.71402644862997,469.39235027518674,463.0706741017435,6.3216761734432225,266240
8899.430071600034,0.23012709617614746,,,,,0.0,2048.0,1.135921597480774,0.5929223299026489,0.16461552679538727,0.20421457290649414,,,,,268288
8861.869932756568,0.23110246658325195,195.0,101.0,7.0,94.0,2.0,2048.0,0.9185186624526978,0.5487439632415771,0.19171977043151855,0.15009848773479462,559.1621002165368,512.2301477883041,465.2981953600712,46.93195242823282,270336
8868.805306043223,0.23092174530029297,170.0,116.0,62.0,54.0,2.0,2048.0,0.8152061104774475,0.45780086517333984,0.1835099160671234,0.13417446613311768,519.3443281814247,461.6772829738322,404.0102377662397,57.66704520759248,272384
8921.557817639477,0.22955632209777832,,,,,0.0,2048.0,1.03515625,0.5359504222869873,0.1693243682384491,0.15977440774440765,,,,,274432
8912.2274741476,0.2297966480255127,60.0,60.0,60.0,0.0,1.0,2048.0,0.9681403040885925,0.5489524602890015,0.1540061980485916,0.16315925121307373,518.741927624194,518.741927624194,518.741927624194,0.0,276480
8929.775040724866,0.22934508323669434,116.0,116.0,116.0,0.0,1.0,2048.0,1.0392738580703735,0.5302050113677979,0.10553066432476044,0.16183695197105408,447.7638567454594,447.7638567454594,447.7638567454594,0.0,278528
8763.218474106992,0.2337040901184082,1.0,1.0,1.0,0.0,1.0,2048.0,1.0001800060272217,0.5104580521583557,0.07933134585618973,0.18658113479614258,426.81038414436955,426.81038414436955,426.81038414436955,0.0,280576
8839.800389818613,0.23167943954467773,151.0,151.0,151.0,0.0,1.0,2048.0,1.2419849634170532,0.5679758787155151,0.06769116222858429,0.2266823649406433,465.3933191994315,465.3933191994315,465.3933191994315,0.0,282624
8856.652687689777,0.23123860359191895,239.0,239.0,239.0,0.0,1.0,2048.0,1.1690882444381714,0.5714982748031616,0.08217691630125046,0.19522158801555634,526.6172866798497,526.6172866798497,526.6172866798497,0.0,284672
8876.989811535628,0.23070883750915527,125.0,125.0,125.0,0.0,1.0,2048.0,0.9970221519470215,0.5255165100097656,0.09374552965164185,0.17936526238918304,553.4894714937858,553.4894714937858,553.4894714937858,0.0,286720
8833.864080864923,0.23183512687683105,,,,,0.0,2048.0,0.9869450330734253,0.5184149742126465,0.12729185819625854,0.12287036329507828,,,,,288768
8882.221866976599,0.23057293891906738,11.0,11.0,11.0,0.0,1.0,2048.0,1.0580576658248901,0.5060430765151978,0.06311823427677155,0.15569044649600983,440.4288708093452,440.4288708093452,440.4288708093452,0.0,290816
8880.321091698543,0.2306222915649414,188.0,116.5,45.0,71.5,2.0,2048.0,1.156509518623352,0.47371143102645874,0.073562391102314,0.15946704149246216,491.3283705260518,472.35498240429513,453.3815942825384,18.9733881217567,292864
8897.153295286234,0.23018598556518555,,,,,0.0,2048.0,0.8742611408233643,0.49710485339164734,0.14726883172988892,0.12421108037233353,,,,,294912
8945.537602785947,0.2289409637451172,83.0,83.0,83.0,0.0,2.0,2048.0,0.9206499457359314,0.4723706841468811,0.09804868698120117,0.1584799736738205,4709.202710174941,2591.2357498787514,473.2687895825617,2117.9669602961894,296960
8005.896440750789,0.2558114528656006,255.0,171.0,87.0,84.0,2.0,2048.0,0.9229897260665894,0.4481808543205261,0.10654997080564499,0.14305448532104492,569.0451162358785,531.6209808382591,494.1968454406398,37.42413539761935,299008
8495.288581908952,0.241074800491333,,,,,0.0,2048.0,0.9650519490242004,0.5027819871902466,0.09547609835863113,0.17974188923835754,,,,,301056
8478.643912010944,0.2415480613708496,232.0,165.5,69.0,63.57869139892705,4.0,2048.0,0.984235405921936,0.48952624201774597,0.09633764624595642,0.1861446499824524,5524.091810741194,2961.7990843128255,346.0298185039035,2551.1826356185434,303104
8485.218510363602,0.24136090278625488,211.0,211.0,211.0,0.0,1.0,2048.0,1.0161105394363403,0.4516603648662567,0.09186156094074249,0.15274901688098907,476.90105931277577,476.90105931277577,476.90105931277577,0.0,305152
8884.94129791466,0.23050236701965332,119.0,119.0,119.0,0.0,1.0,2048.0,0.9261444211006165,0.5470045804977417,0.09577958285808563,0.1678866744041443,506.83681203198194,506.83681203198194,506.83681203198194,0.0,307200
8847.712701559949,0.23147225379943848,238.0,225.33333333333334,208.0,12.684198393626966,3.0,2048.0,0.9572435617446899,0.438631534576416,0.06149234622716904,0.1603880524635315,5870.148793129024,2310.67331528827,499.43530624647383,2517.060656801894,309248
8841.183340160687,0.2316431999206543,96.0,66.5,37.0,29.5,2.0,2048.0,0.8825675845146179,0.48114579916000366,0.05353976786136627,0.13340173661708832,550.5690315841471,509.60199348607205,468.6349553879971,40.967038098074994,311296
8631.85953375545,0.2372605800628662,230.0,176.33333333333334,116.0,46.77843757782235,3.0,2048.0,0.8445608615875244,0.4459346532821655,0.07106438279151917,0.15157032012939453,6110.912436542064,2411.523293613804,553.2208764143217,2615.872590949314,313344
8697.205929939879,0.23547792434692383,,,,,0.0,2048.0,0.8070998191833496,0.47861871123313904,0.16610002517700195,0.13580889999866486,,,,,315392
8411.402572400793,0.24347901344299316,194.0,110.6,46.0,54.73061300588547,5.0,2048.0,0.9429779648780823,0.468863308429718,0.07307562232017517,0.1442088782787323,596.7063018158822,577.7149568834113,561.1213916573043,13.686791478060641,317440
8466.067557565262,0.24190688133239746,221.0,221.0,221.0,0.0,1.0,2048.0,0.9262053966522217,0.46194520592689514,0.1027127355337143,0.105923593044281,598.9979733284665,598.9979733284665,598.9979733284665,0.0,319488
8481.02968975387,0.24148011207580566,,,,,0.0,2048.0,0.9857362508773804,0.5806481838226318,0.11638256907463074,0.1748436540365219,,,,,321536
8437.303766857547,0.24273157119750977,,,,,0.0,2048.0,1.0074747800827026,0.5679272413253784,0.11655964702367783,0.17237818241119385,,,,,323584
8419.787525681038,0.24323654174804688,3.0,3.0,3.0,0.0,1.0,2048.0,1.0131205320358276,0.5667948126792908,0.09545870870351791,0.1685468554496765,543.9844340332952,543.9844340332952,543.9844340332952,0.0,325632
8455.533880962108,0.24220824241638184,,,,,0.0,2048.0,1.0072596073150635,0.5548797249794006,0.1780766397714615,0.16283154487609863,,,,,327680
8491.383594007944,0.24118566513061523,,,,,0.0,2048.0,1.006651520729065,0.5583909749984741,0.12154505401849747,0.18010316789150238,,,,,329728
8522.124050926775,0.24031567573547363,137.0,137.0,137.0,0.0,1.0,2048.0,0.9878754615783691,0.5420640707015991,0.10280176997184753,0.16951803863048553,580.7233310223755,580.7233310223755,580.7233310223755,0.0,331776
8500.526058912359,0.24092626571655273,,,,,0.0,2048.0,1.0543047189712524,0.5155349969863892,0.17485588788986206,0.17100520431995392,,,,,333824
8600.427113077954,0.2381277084350586,,,,,0.0,2048.0,0.9732509851455688,0.4389854073524475,0.08056464791297913,0.16252237558364868,,,,,335872
8627.221443076978,0.23738813400268555,122.0,122.0,122.0,0.0,1.0,2048.0,1.1950836181640625,0.35539066791534424,0.0568007156252861,0.16623486578464508,521.6482875037543,521.6482875037543,521.6482875037543,0.0,337920
8645.603633798026,0.23688340187072754,,,,,0.0,2048.0,0.9746525287628174,0.33346349000930786,0.05885700508952141,0.14235720038414001,,,,,339968
8594.635857814224,0.23828816413879395,,,,,0.0,2048.0,0.9726640582084656,0.36397677659988403,0.06200575828552246,0.12905965745449066,,,,,342016
8612.533880903491,0.23779296875,97.0,97.0,97.0,0.0,1.0,2048.0,1.2287583351135254,0.3526829481124878,0.046958550810813904,0.10480578243732452,501.3845351214495,501.3845351214495,501.3845351214495,0.0,344064
8596.579748145316,0.238234281539917,,,,,0.0,2048.0,1.1066899299621582,0.37428799271583557,0.12726274132728577,0.13592904806137085,,,,,346112
8648.049484536083,0.23681640625,,,,,0.0,2048.0,1.0104492902755737,0.3860958218574524,0.056205473840236664,0.15491248667240143,,,,,348160
8651.437662341586,0.2367236614227295,91.0,91.0,91.0,0.0,1.0,2048.0,1.1114479303359985,0.380797415971756,0.1468220055103302,0.1643069088459015,491.65977787569125,491.65977787569125,491.65977787569125,0.0,350208
8628.772697913308,0.23734545707702637,,,,,0.0,2048.0,1.0716667175292969,0.3975678086280823,0.1361027956008911,0.1559586077928543,,,,,352256
8671.848876487298,0.23616647720336914,,,,,0.0,2048.0,1.3546383380889893,0.4042251706123352,0.08637415617704391,0.18790370225906372,,,,,354304
8641.872244187567,0.2369856834411621,218.0,145.0,72.0,73.0,2.0,2048.0,1.293121576309204,0.35325491428375244,0.08963984251022339,0.18494413793087006,6104.2553193570875,3305.605637201611,506.9559550461348,2798.649682155476,356352
8618.089891676105,0.2376396656036377,107.0,107.0,107.0,0.0,1.0,2048.0,1.3800917863845825,0.3637923002243042,0.09582500159740448,0.19813323020935059,5367.129789651321,5367.129789651321,5367.129789651321,0.0,358400
8625.74003890148,0.23742890357971191,148.0,107.66666666666667,46.0,44.28945196720722,3.0,2048.0,1.2863683700561523,0.4156872630119324,0.07870717346668243,0.1986103653907776,6527.913229161276,6329.5219615088345,6110.102812238483,171.21724012941777,360448
8624.882616361498,0.23745250701904297,229.0,151.25,69.0,62.21886771711616,4.0,2048.0,1.2053924798965454,0.45918750762939453,0.06949590891599655,0.15485215187072754,6631.495021502162,3417.4980278685266,382.98712580882625,3006.444274732034,362496
8649.40792086386,0.23677921295166016,108.0,108.0,108.0,0.0,1.0,2048.0,1.1282516717910767,0.48985520005226135,0.06027200073003769,0.12384873628616333,351.37289977369375,351.37289977369375,351.37289977369375,0.0,364544
8657.087620673565,0.23656916618347168,170.0,104.66666666666667,40.0,53.07437129998705,3.0,2048.0,1.1335575580596924,0.5030322074890137,0.050710953772068024,0.14584584534168243,542.5088662683459,535.9615313910605,529.5254314860881,5.301048613282982,366592
8646.056142420452,0.23687100410461426,186.0,150.5,115.0,35.5,2.0,2048.0,1.0649821758270264,0.5109458565711975,0.05797327309846878,0.10596642643213272,591.4265202373401,575.7171022187241,560.0076842001081,15.70941801861602,368640
8669.862050241174,0.2362205982208252,171.0,92.5,14.0,78.5,2.0,2048.0,1.264682412147522,0.4818532168865204,0.06898652017116547,0.14407041668891907,591.2349939735351,579.5050266564945,567.775059339454,11.729967317040575,370688
8673.013387236337,0.23613476753234863,234.0,199.33333333333334,137.0,44.16886786967591,3.0,2048.0,1.0570532083511353,0.4928728938102722,0.06702262163162231,0.1364004909992218,602.4059616646197,580.4181120624156,537.6777070578753,30.22623753081814,372736
8461.330824793957,0.24204230308532715,245.0,218.0,191.0,27.0,2.0,2048.0,1.0630630254745483,0.47141629457473755,0.07423777878284454,0.1397869884967804,596.3593245608674,591.5049393350432,586.650554109219,4.854385225824217,374784
8486.383737633398,0.24132776260375977,60.0,60.0,60.0,0.0,1.0,2048.0,1.0989898443222046,0.474789023399353,0.072683185338974,0.1741328090429306,586.718638505371,586.718638505371,586.718638505371,0.0,376832
8450.57614086106,0.24235033988952637,207.0,207.0,207.0,0.0,1.0,2048.0,1.2465420961380005,0.4727599620819092,0.0813322514295578,0.1647823452949524,597.6270064737429,597.6270064737429,597.6270064737429,0.0,378880
8626.666939829795,0.23740339279174805,,,,,0.0,2048.0,1.115983486175537,0.471064031124115,0.08336891978979111,0.170980766415596,,,,,380928
8671.7263145993,0.23616981506347656,,,,,0.0,2048.0,1.1821366548538208,0.45354437828063965,0.10564783215522766,0.19763192534446716,,,,,382976
8361.482175987665,0.2449326515197754,,,,,0.0,2048.0,1.2211583852767944,0.485603928565979,0.05924075469374657,0.2213171124458313,,,,,385024
8881.42289129221,0.23059368133544922,,,,,0.0,2048.0,1.1008765697479248,0.5039404630661011,0.15421414375305176,0.21177725493907928,,,,,387072
8942.026901236175,0.22903084754943848,,,,,0.0,2048.0,1.1895960569381714,0.5025222897529602,0.12861213088035583,0.19271346926689148,,,,,389120
8835.117950237027,0.23180222511291504,,,,,0.0,2048.0,0.996223509311676,0.4855390191078186,0.13036885857582092,0.18369600176811218,,,,,391168
8844.952255428514,0.23154449462890625,,,,,0.0,2048.0,1.0944255590438843,0.4850054383277893,0.10953380912542343,0.18717476725578308,,,,,393216
8867.377086275384,0.2309589385986328,,,,,0.0,2048.0,1.1357927322387695,0.49151697754859924,0.13579140603542328,0.1869865506887436,,,,,395264
8588.955451078577,0.23844575881958008,,,,,0.0,2048.0,1.0193040370941162,0.48408883810043335,0.13802888989448547,0.1397082805633545,,,,,397312
8483.97818840501,0.24139618873596191,,,,,0.0,2048.0,0.9946224093437195,0.5031298398971558,0.13201062381267548,0.10709180682897568,,,,,399360
8483.50059355328,0.2414097785949707,,,,,0.0,2048.0,0.9794514179229736,0.5296900868415833,0.1933368295431137,0.12195691466331482,,,,,401408
8557.75742408544,0.23931503295898438,,,,,0.0,2048.0,0.9942215085029602,0.5104992985725403,0.14968352019786835,0.1651352494955063,,,,,403456
8566.163488319913,0.23908019065856934,128.0,128.0,128.0,0.0,1.0,2048.0,0.9877477288246155,0.49874967336654663,0.07231923937797546,0.14705772697925568,6304.835896187477,6304.835896187477,6304.835896187477,0.0,405504
8548.585085939312,0.23957180976867676,,,,,0.0,2048.0,0.9876241087913513,0.5140801072120667,0.19063621759414673,0.14454670250415802,,,,,407552
8508.988583604174,0.24068665504455566,,,,,0.0,2048.0,0.9923788905143738,0.5196923017501831,0.16732296347618103,0.1505022794008255,,,,,409600
8956.076929011862,0.22867155075073242,191.0,191.0,191.0,0.0,1.0,2048.0,1.0325428247451782,0.508185625076294,0.11646731942892075,0.1633029580116272,366.01040340083136,366.01040340083136,366.01040340083136,0.0,411648
8934.084459462973,0.2292344570159912,,,,,0.0,2048.0,0.9981821775436401,0.4434410333633423,0.10638651996850967,0.19037027657032013,,,,,413696
8912.754562244496,0.2297830581665039,106.0,106.0,106.0,0.0,1.0,2048.0,0.9980945587158203,0.4047796130180359,0.112241730093956,0.18449629843235016,6331.9135062546275,6331.9135062546275,6331.9135062546275,0.0,415744
8916.945743241911,0.2296750545501709,172.0,166.5,161.0,5.5,2.0,2048.0,1.1409187316894531,0.4112895727157593,0.10026214271783829,0.19665132462978363,6439.012074283711,6389.726394603265,6340.44071492282,49.285679680445355,417792
8871.351607699442,0.23085546493530273,219.0,149.33333333333334,38.0,79.5501239610739,3.0,2048.0,0.9964640140533447,0.46250811219215393,0.1335275024175644,0.14084361493587494,6505.8489210292,4488.780364454487,528.7666509026195,2800.316056951562,419840
8904.744006875053,0.22998976707458496,214.0,145.5,77.0,68.5,2.0,2048.0,1.0810259580612183,0.5217453837394714,0.14891815185546875,0.13376809656620026,6588.96283081002,3516.1641045087817,443.36537820754353,3072.7987263012383,421888
8899.752785985735,0.2301187515258789,,,,,0.0,2048.0,1.0471482276916504,0.522374153137207,0.17599955201148987,0.14232178032398224,,,,,423936
8958.916528127458,0.22859907150268555,114.0,65.0,16.0,49.0,2.0,2048.0,1.082497239112854,0.5313084721565247,0.0978047177195549,0.16286297142505646,6608.382256676718,3573.470064805809,538.5578729349011,3034.912191870908,425984
8918.260346662375,0.22964119911193848,252.0,252.0,252.0,0.0,1.0,2048.0,1.0713411569595337,0.5161769390106201,0.10033790022134781,0.16948361694812775,586.908970082822,586.908970082822,586.908970082822,0.0,428032
8867.615090958267,0.23095273971557617,,,,,0.0,2048.0,1.033098816871643,0.4718503952026367,0.14201627671718597,0.17904868721961975,,,,,430080
8951.037340385847,0.22880029678344727,,,,,0.0,2048.0,1.04672110080719,0.4873208999633789,0.2279425412416458,0.1451241672039032,,,,,432128
8914.863538241838,0.22972869873046875,,,,,0.0,2048.0,0.9787236452102661,0.4286440908908844,0.1583246886730194,0.1539715975522995,,,,,434176
8933.666338021723,0.22924518585205078,,,,,0.0,2048.0,1.0994503498077393,0.4095225930213928,0.21628247201442719,0.15426024794578552,,,,,436224
8672.400447858688,0.23615145683288574,,,,,0.0,2048.0,0.9891790747642517,0.4442012310028076,0.1978740394115448,0.16710609197616577,,,,,438272
8875.577296121064,0.23074555397033691,,,,,0.0,2048.0,1.1916874647140503,0.4578554630279541,0.12210994213819504,0.15485629439353943,,,,,440320
8938.937529983132,0.2291100025177002,,,,,0.0,2048.0,0.9942800998687744,0.4647025763988495,0.13834746181964874,0.1534213423728943,,,,,442368
8994.366271393195,0.22769808769226074,,,,,0.0,2048.0,0.9988001585006714,0.47449517250061035,0.15440508723258972,0.1599545180797577,,,,,444416
8713.65984818437,0.23503327369689941,,,,,0.0,2048.0,0.9961804151535034,0.5351169109344482,0.19671151041984558,0.15525475144386292,,,,,446464
8714.092988905932,0.23502159118652344,,,,,0.0,2048.0,0.9948883056640625,0.5685031414031982,0.24530547857284546,0.1273665875196457,,,,,448512
8732.687840122482,0.23452115058898926,,,,,0.0,2048.0,0.9981234073638916,0.574325442314148,0.15091216564178467,0.12428098917007446,,,,,450560
8715.251188844393,0.23499035835266113,,,,,0.0,2048.0,0.9664097428321838,0.582055389881134,0.14847536385059357,0.12473846971988678,,,,,452608
8749.285325635805,0.23407626152038574,,,,,0.0,2048.0,0.9136027097702026,0.588394284248352,0.26200371980667114,0.11479391902685165,,,,,454656
8719.373694494774,0.2348792552947998,,,,,0.0,2048.0,0.9293200373649597,0.5875064134597778,0.24465878307819366,0.11450622975826263,,,,,456704
8717.453501824692,0.23493099212646484,,,,,0.0,2048.0,0.9910445213317871,0.5742321014404297,0.21756483614444733,0.1320517212152481,,,,,458752
8580.547473064467,0.2386794090270996,,,,,0.0,2048.0,0.9289096593856812,0.5269919037818909,0.12916746735572815,0.17701561748981476,,,,,460800
8665.270453321175,0.23634576797485352,121.0,121.0,121.0,0.0,1.0,2048.0,0.9615932106971741,0.5320242643356323,0.1459553837776184,0.1475391834974289,6724.758866556491,6724.758866556491,6724.758866556491,0.0,462848
8682.226661410798,0.2358841896057129,230.0,176.33333333333334,72.0,73.78497287539125,3.0,2048.0,0.9804030656814575,0.5396074056625366,0.16015425324440002,0.1538255363702774,6807.176165302557,6710.680801167476,6540.412153724017,120.75493769322638,464896
8599.428360910446,0.23815536499023438,,,,,0.0,2048.0,1.187455654144287,0.5117123126983643,0.10085566341876984,0.14831669628620148,,,,,466944
8665.252970822388,0.23634624481201172,250.0,111.66666666666667,21.0,99.3791840488853,3.0,2048.0,1.2243462800979614,0.4984666705131531,0.08169098198413849,0.15189716219902039,6691.74825999537,2399.398253153423,187.41207450407117,3035.6254211954397,468992
8635.287119953999,0.2371664047241211,230.0,202.66666666666666,187.0,19.39644870130154,3.0,2048.0,1.249276876449585,0.4932253360748291,0.07936735451221466,0.15883305668830872,6627.02828481602,2510.1703139481174,363.2244233130306,2911.95523165339,471040
8630.810108674683,0.2372894287109375,7.0,7.0,7.0,0.0,1.0,2048.0,1.2318956851959229,0.5117234587669373,0.07626780867576599,0.15062400698661804,5255.002036117725,5255.002036117725,5255.002036117725,0.0,473088
8938.593364786877,0.22911882400512695,230.0,64.75,4.0,95.52323015895139,4.0,2048.0,1.1854779720306396,0.4849003255367279,0.08467520773410797,0.19022393226623535,6807.907256634349,1985.9198348850855,334.8072583490473,2784.1105576034824,475136
8918.08442655969,0.2296457290649414,241.0,198.25,164.0,29.785692874264313,4.0,2048.0,1.2304290533065796,0.5576463937759399,0.06354696303606033,0.19662289321422577,530.7807440419072,439.3609532619639,362.41277408314613,72.6831581123311,477184
8590.965507860943,0.2383899688720703,241.0,239.0,237.0,2.0,2.0,2048.0,1.2458804845809937,0.5213015079498291,0.06630516052246094,0.16294696927070618,558.8131506470185,475.50874088908984,392.20433113116115,83.30440975792865,479232
8669.022080439852,0.23624348640441895,225.0,119.0,13.0,106.0,2.0,2048.0,1.2231090068817139,0.48755699396133423,0.06416411697864532,0.19697609543800354,491.4553476760441,475.39040689253596,459.32546610902784,16.06494078350812,481280
8621.16908760439,0.23755478858947754,237.0,194.25,155.0,33.818449106959356,4.0,2048.0,1.2103495597839355,0.5403485298156738,0.061383794993162155,0.20906850695610046,561.9390683158354,452.3565327786338,351.58018925474516,96.30740900999236,483328
8684.096247612866,0.23583340644836426,233.0,233.0,233.0,0.0,1.0,2048.0,1.1726263761520386,0.5456112623214722,0.07432159036397934,0.171140655875206,400.3919200301698,400.3919200301698,400.3919200301698,0.0,485376
8441.291883228234,0.24261689186096191,241.0,97.66666666666667,21.0,101.43416036468625,3.0,2048.0,1.2025914192199707,0.4600868821144104,0.06559152901172638,0.202894926071167,553.9298900597142,542.451344320117,531.3187330231028,9.23420664747833,487424
8965.649082449112,0.22842741012573242,244.0,228.0,212.0,16.0,2.0,2048.0,1.2215664386749268,0.5735281109809875,0.06102308630943298,0.18080246448516846,544.3171900169326,539.2579935106348,534.1987970043372,5.059196506297724,489472
8912.079530799821,0.22980046272277832,244.0,87.0,1.0,111.18453129819814,3.0,2048.0,1.1937674283981323,0.5473378896713257,0.06400226801633835,0.147452250123024,584.3485521874941,460.23182850378953,239.62350677106278,156.4007898634801,491520
8895.07111140566,0.2302398681640625,221.0,80.66666666666667,2.0,99.47305609504961,3.0,2048.0,1.0755409002304077,0.5037754774093628,0.06011871248483658,0.16960597038269043,564.8479552212085,502.14458819222835,467.20129770044645,44.43484982351561,493568
8904.670158761422,0.22999167442321777,249.0,238.0,216.0,13.285330255586423,4.0,2048.0,1.0717473030090332,0.5757943391799927,0.08095163106918335,0.2126009613275528,573.5948573616138,537.2730787204005,498.2402374578717,27.05820873395809,495616
8883.167966576697,0.23054838180541992,254.0,245.66666666666666,235.0,7.930251502246879,3.0,2048.0,1.1675546169281006,0.5440561771392822,0.08063460886478424,0.183188796043396,563.6062576152764,553.9237665811621,537.4780328328866,11.689799587040715,497664
8908.548841309432,0.22989153861999512,225.0,225.0,225.0,0.0,1.0,2048.0,1.229668140411377,0.4440825581550598,0.08650601655244827,0.20859767496585846,555.9213287807518,555.9213287807518,555.9213287807518,0.0,499712
8966.491363292846,0.22840595245361328,227.0,207.33333333333334,183.0,18.263503375736967,3.0,2048.0,1.1839858293533325,0.5318359136581421,0.0823749378323555,0.20045962929725647,563.9952183479127,492.34897892758084,380.7641050782863,79.9572014999041,501760
8957.10420768127,0.22864532470703125,19.0,19.0,19.0,0.0,1.0,2048.0,1.2048046588897705,0.5198454856872559,0.10243143886327744,0.18352417647838593,558.9707804424296,558.9707804424296,558.9707804424296,0.0,503808
8950.421779594966,0.22881603240966797,221.0,70.25,7.0,87.99822441390508,4.0,2048.0,1.2411288022994995,0.5109537243843079,0.08055108040571213,0.20193353295326233,575.4026724514582,540.8313640319234,488.387729759351,32.569160116778754,505856
8902.086246223838,0.2300584316253662,212.0,194.33333333333334,163.0,22.21611027060218,3.0,2048.0,1.1149723529815674,0.5425704717636108,0.09043285995721817,0.19919180870056152,555.3611843459057,526.3080097763492,504.39114430948376,21.411545577646898,507904
8852.8099300633,0.2313389778137207,12.0,12.0,12.0,0.0,1.0,2048.0,1.1919351816177368,0.5146663188934326,0.10052428394556046,0.1685032695531845,563.4788321124304,563.4788321124304,563.4788321124304,0.0,509952
8862.564810706968,0.23108434677124023,234.0,75.0,12.0,92.61209424259879,4.0,2048.0,1.1884193420410156,0.5245214700698853,0.10729410499334335,0.17688259482383728,540.7104279393542,530.0045458001748,519.7925349084969,10.182907229494662,512000
8890.615197996232,0.23035526275634766,214.0,185.66666666666666,167.0,20.368821489936252,3.0,2048.0,1.165946364402771,0.5435023307800293,0.0829891636967659,0.17780551314353943,536.8892485120384,480.7639148362366,422.52134128850656,46.7144986713908,514048
8836.2721880587,0.23177194595336914,233.0,153.66666666666666,10.0,101.77207650213076,3.0,2048.0,1.138885736465454,0.5163394212722778,0.0926729068160057,0.1582094430923462,546.3345120825339,515.8220007096908,500.3584370381077,21.57626766162493,516096
8661.801559539499,0.23644042015075684,215.0,215.0,215.0,0.0,1.0,2048.0,1.1293866634368896,0.47687941789627075,0.09104499965906143,0.18029096722602844,560.8103444483345,560.8103444483345,560.8103444483345,0.0,518144
8665.856157798473,0.2363297939300537,198.0,175.33333333333334,164.0,16.027753706895076,3.0,2048.0,1.1432015895843506,0.5358858108520508,0.08728918433189392,0.18876919150352478,584.1995766427543,544.4577814512535,493.0057434723671,38.13944713531944,520192
8454.335504837905,0.24224257469177246,245.0,155.33333333333334,4.0,107.61763589465974,3.0,2048.0,1.1169178485870361,0.478452205657959,0.08856835216283798,0.15069571137428284,576.8668737977855,541.5504601035597,472.2939895682948,48.97494340849771,522240
8516.910600511217,0.2404627799987793,253.0,253.0,253.0,0.0,1.0,2048.0,1.1452269554138184,0.45275282859802246,0.0906909629702568,0.14345283806324005,517.3561868648036,517.3561868648036,517.3561868648036,0.0,524288
8550.857174711567,0.23950815200805664,229.0,211.66666666666666,203.0,12.256517540566824,3.0,2048.0,1.121490478515625,0.5072755813598633,0.08254954218864441,0.15984880924224854,590.0355315238572,585.1741755418201,581.487185210867,3.587283761988344,526336
8563.336867688959,0.23915910720825195,52.0,52.0,52.0,0.0,1.0,2048.0,1.100049614906311,0.4736626148223877,0.09070319682359695,0.13903219997882843,570.1110669497136,570.1110669497136,570.1110669497136,0.0,528384
8521.10958984284,0.24034428596496582,210.0,81.0,9.0,91.42209798511517,3.0,2048.0,1.1776307821273804,0.5172953605651855,0.09430410712957382,0.16286294162273407,586.7103867121532,451.90917445876556,363.86961522902874,96.79700926484163,530432
8512.732619870396,0.24058079719543457,199.0,199.0,199.0,0.0,1.0,2048.0,1.1612043380737305,0.5257664918899536,0.08558809757232666,0.15823906660079956,472.0398074411718,472.0398074411718,472.0398074411718,0.0,532480
8536.156804133956,0.23992061614990234,53.0,53.0,53.0,0.0,1.0,2048.0,1.0949597358703613,0.4753037691116333,0.10456591844558716,0.16987983882427216,564.8716606662825,564.8716606662825,564.8716606662825,0.0,534528
8508.617732332103,0.24069714546203613,30.0,30.0,30.0,0.0,1.0,2048.0,1.1140202283859253,0.472716748714447,0.09353505074977875,0.18628904223442078,576.4161881010566,576.4161881010566,576.4161881010566,0.0,536576
8528.148158591008,0.24014592170715332,,,,,0.0,2048.0,1.0877419710159302,0.46557843685150146,0.07506348192691803,0.17054511606693268,,,,,538624
8654.72385477686,0.2366337776184082,,,,,0.0,2048.0,1.0939840078353882,0.42365992069244385,0.15434320271015167,0.17127279937267303,,,,,540672
8916.788387118206,0.22967910766601562,,,,,0.0,2048.0,1.1151010990142822,0.4344601333141327,0.16020482778549194,0.18721945583820343,,,,,542720
8849.435436747173,0.23142719268798828,,,,,0.0,2048.0,0.9972652792930603,0.4667547345161438,0.19759796559810638,0.1613840013742447,,,,,544768
8895.034267370818,0.2302408218383789,,,,,0.0,2048.0,0.9618331789970398,0.5266585350036621,0.13611964881420135,0.1531650424003601,,,,,546816
8872.973576104147,0.23081326484680176,,,,,0.0,2048.0,0.9856580495834351,0.5333013534545898,0.07200221717357635,0.16515958309173584,,,,,548864
8835.772284265107,0.23178505897521973,,,,,0.0,2048.0,0.9689043164253235,0.5588902235031128,0.08973846584558487,0.13226304948329926,,,,,550912
8844.934040384278,0.23154497146606445,152.0,152.0,152.0,0.0,1.0,2048.0,0.9700112342834473,0.5944033861160278,0.08129632472991943,0.13831016421318054,6583.691516891457,6583.691516891457,6583.691516891457,0.0,552960
8913.818175403278,0.22975564002990723,,,,,0.0,2048.0,0.982410728931427,0.6084887981414795,0.11024647951126099,0.1383119523525238,,,,,555008
8969.993204055847,0.2283167839050293,,,,,0.0,2048.0,0.9934301376342773,0.58525550365448,0.0539725162088871,0.16101981699466705,,,,,557056
8950.636283592494,0.22881054878234863,147.0,147.0,147.0,0.0,1.0,2048.0,0.9631073474884033,0.6462254524230957,0.2791489064693451,0.1524847000837326,560.5045664645982,560.5045664645982,560.5045664645982,0.0,559104
8720.179188357304,0.23485755920410156,,,,,0.0,2048.0,0.9325393438339233,0.6107934713363647,0.23446935415267944,0.15914271771907806,,,,,561152
8686.449735005648,0.23576951026916504,,,,,0.0,2048.0,0.9540998339653015,0.575017511844635,0.06255229562520981,0.16682174801826477,,,,,563200
8706.003024320238,0.23523998260498047,137.0,137.0,137.0,0.0,1.0,2048.0,0.9512978196144104,0.5954939723014832,0.26545965671539307,0.1487191915512085,563.4950058168898,563.4950058168898,563.4950058168898,0.0,565248
8705.023710476205,0.23526644706726074,,,,,0.0,2048.0,0.9582929611206055,0.5688250064849854,0.28002089262008667,0.1467972844839096,,,,,567296
8646.282414495266,0.23686480522155762,97.0,68.5,40.0,28.5,2.0,2048.0,0.9343442916870117,0.5152715444564819,0.07713767141103745,0.14037135243415833,5744.858178702102,5470.732965613464,5196.607752524827,274.12521308863734,569344
8662.360588883656,0.23642516136169434,96.0,96.0,96.0,0.0,1.0,2048.0,1.1152293682098389,0.5052868127822876,0.06906881183385849,0.1609979122877121,6011.952777644387,6011.952777644387,6011.952777644387,0.0,571392
8671.034780300148,0.23618865013122559,78.0,78.0,78.0,0.0,1.0,2048.0,1.0478253364562988,0.4871307611465454,0.06871116906404495,0.15604883432388306,6512.447060677195,6512.447060677195,6512.447060677195,0.0,573440
8690.114228829952,0.2356700897216797,148.0,80.5,13.0,67.5,2.0,2048.0,1.2127724885940552,0.4991954565048218,0.07547321915626526,0.1894756406545639,6494.875311900484,6308.853726735393,6122.832141570302,186.02158516509098,575488
8732.980817795491,0.2345132827758789,157.0,157.0,157.0,0.0,1.0,2048.0,1.1784826517105103,0.4561343193054199,0.06878864765167236,0.19951283931732178,6775.663157989517,6775.663157989517,6775.663157989517,0.0,577536
8689.84170204845,0.23567748069763184,,,,,0.0,2048.0,1.1417278051376343,0.43841874599456787,0.07933005690574646,0.18206064403057098,,,,,579584
8891.213356587983,0.23033976554870605,,,,,0.0,2048.0,1.2617350816726685,0.44076815247535706,0.07431129366159439,0.1941889226436615,,,,,581632
8915.335419475434,0.22971653938293457,,,,,0.0,2048.0,1.2897945642471313,0.49558502435684204,0.1935521960258484,0.21603211760520935,,,,,583680
8215.795481565012,0.24927592277526855,,,,,0.0,2048.0,1.1537771224975586,0.4966185390949249,0.18976904451847076,0.21300315856933594,,,,,585728
8678.121664353157,0.23599576950073242,,,,,0.0,2048.0,1.129642128944397,0.5353221893310547,0.17563863098621368,0.20436491072177887,,,,,587776
8663.408963418755,0.23639655113220215,,,,,0.0,2048.0,1.0073583126068115,0.5539341568946838,0.16324004530906677,0.18241067230701447,,,,,589824
8663.085687545636,0.2364053726196289,,,,,0.0,2048.0,0.9870962500572205,0.5536285042762756,0.1217193678021431,0.19015328586101532,,,,,591872
8674.914050034135,0.2360830307006836,,,,,0.0,2048.0,0.9799767136573792,0.5916920900344849,0.13205039501190186,0.16682228446006775,,,,,593920
8711.353436193667,0.23509550094604492,,,,,0.0,2048.0,0.9757355451583862,0.5875729322433472,0.16450375318527222,0.17623871564865112,,,,,595968
8700.095197389344,0.23539972305297852,,,,,0.0,2048.0,0.9678659439086914,0.5794395208358765,0.20504602789878845,0.16368751227855682,,,,,598016
8479.556208829665,0.24152207374572754,,,,,0.0,2048.0,0.9560472965240479,0.6130756139755249,0.1735893189907074,0.17034244537353516,,,,,600064
8521.498438044067,0.24033331871032715,,,,,0.0,2048.0,0.9575207233428955,0.6082077622413635,0.19529947638511658,0.16088329255580902,,,,,602112
8511.383037942825,0.24061894416809082,,,,,0.0,2048.0,0.9640969634056091,0.5639841556549072,0.2115573137998581,0.16700905561447144,,,,,604160
8501.358933274216,0.24090266227722168,,,,,0.0,2048.0,0.9572091102600098,0.6246907711029053,0.12754148244857788,0.17796826362609863,,,,,606208
8543.03333896906,0.23972749710083008,,,,,0.0,2048.0,0.9471806287765503,0.5971735715866089,0.12460817396640778,0.157213032245636,,,,,608256
8456.066601629602,0.24219298362731934,85.0,52.5,20.0,32.5,2.0,2048.0,0.9367266893386841,0.5314998626708984,0.13585205376148224,0.17082011699676514,7207.3689616533675,6924.718092273552,6642.067222893737,282.65086937981505,610304
8466.70174805703,0.24188876152038574,75.0,53.5,32.0,21.5,2.0,2048.0,0.944917619228363,0.5579849481582642,0.19344837963581085,0.1445113867521286,124.78449929200046,46.69608622364969,-31.39232684470108,78.08841306835077,612352
8501.257970113744,0.2409055233001709,79.0,54.0,17.0,25.387004549572207,4.0,2048.0,0.9327466487884521,0.5148195028305054,0.13534356653690338,0.1642036885023117,7124.972287725916,3466.6743019246032,168.76817468412096,3307.6391455812773,614400
8505.12152020056,0.24079608917236328,95.0,57.8,18.0,29.54589650019102,5.0,2048.0,0.9382495880126953,0.5018323063850403,0.19199953973293304,0.14969202876091003,6729.4616275320695,1452.4743669427478,-15.130318385048348,2639.6745816438274,616448
8493.197077289671,0.2411341667175293,244.0,107.0,37.0,69.40461079784254,6.0,2048.0,0.9283233880996704,0.4797475337982178,0.19497625529766083,0.13710255920886993,7434.440493357657,1400.7527045184934,109.82395204285655,2698.6294574059466,618496
8452.73819830334,0.24228835105895996,255.0,115.42857142857143,2.0,74.76220806732529,7.0,2048.0,0.8755361437797546,0.4661262035369873,0.1855318695306778,0.1322854906320572,7123.55685293474,1178.3172097073334,76.56092798190762,2427.5960235138136,620544
8468.295988422302,0.24184322357177734,188.0,111.57142857142857,29.0,49.37858744394359,7.0,2048.0,0.9107447266578674,0.4700266718864441,0.201816126704216,0.13464519381523132,7109.31817773388,1200.4760635354432,200.67484130241442,2412.289828556433,622592
8599.015152000513,0.23816680908203125,231.0,132.125,35.0,62.81806567381712,8.0,2048.0,0.8096957802772522,0.4703809320926666,0.204902783036232,0.12507791817188263,225.2417331697249,214.2569778991674,202.27690264029525,7.4390151016467225,624640
8597.930667520794,0.23819684982299805,224.0,140.57142857142858,52.0,57.040980613833725,7.0,2048.0,0.7638849020004272,0.44843316078186035,0.20579545199871063,0.11052795499563217,224.90083490348638,213.26838043147092,181.71264838365718,13.42216087264829,626688
8590.106394127883,0.23841381072998047,251.0,146.625,7.0,74.190527528789,8.0,2048.0,0.7767824530601501,0.4635506570339203,0.21560102701187134,0.10217994451522827,226.11277416527417,216.71421068464207,194.84811648442542,10.329661793567759,628736
8383.94934064958,0.2442762851715088,215.0,147.5,40.0,58.63375023539486,6.0,2048.0,0.8316872119903564,0.4596700668334961,0.2204548716545105,0.11210561543703079,227.06686561413647,223.22485164280826,216.80733959355274,3.6027371336472487,630784
8823.673708539203,0.2321028709411621,249.0,141.5,6.0,87.14212528966688,8.0,2048.0,0.8428264856338501,0.4441453218460083,0.19176027178764343,0.13049589097499847,225.005468689019,220.42648080382745,210.4096904519506,4.659680515940255,632832
8850.502228097415,0.2313992977142334,202.0,133.75,52.0,58.47381892779024,4.0,2048.0,0.8771916031837463,0.45039889216423035,0.0500323511660099,0.13333503901958466,227.24281376157296,219.50694432511682,210.3273341273337,6.055198362595387,634880
8880.688327853937,0.23061275482177734,225.0,108.0,4.0,75.61745830163825,8.0,2048.0,0.8933719396591187,0.4563673138618469,0.18646325170993805,0.12611180543899536,270.4557735678834,223.11724704730125,211.0062186349713,18.434287457858858,636928
8896.74783793917,0.23019647598266602,245.0,161.0,44.0,85.31119504496465,3.0,2048.0,0.934319019317627,0.4434286952018738,0.04261003062129021,0.16610080003738403,225.1279366510927,217.8952863001426,203.7207052157451,10.023645084253522,638976
8889.419122227857,0.23038625717163086,229.0,167.8,82.0,55.31871292790533,5.0,2048.0,0.9616488814353943,0.45538854598999023,0.047099292278289795,0.15886792540550232,429.63396669516555,352.5697735283558,218.26569407812667,75.1410426223904,641024
8858.899644094348,0.23117995262145996,143.0,143.0,143.0,0.0,1.0,2048.0,0.9783510565757751,0.4415760636329651,0.04355857893824577,0.18826791644096375,209.10648030732028,209.10648030732028,209.10648030732028,0.0,643072
8924.746455269433,0.22947430610656738,126.0,66.66666666666667,4.0,49.862031870173745,3.0,2048.0,0.9836127758026123,0.42663663625717163,0.04384412616491318,0.16613930463790894,463.8803166087886,361.4577951035902,221.0423632084373,102.71372460335938,645120
8846.437033794882,0.2315056324005127,126.0,126.0,126.0,0.0,1.0,2048.0,1.0550607442855835,0.421795517206192,0.05061449855566025,0.19352267682552338,437.0322471747047,437.0322471747047,437.0322471747047,0.0,647168
9026.254718854718,0.22689366340637207,174.0,174.0,174.0,0.0,1.0,2048.0,1.0838288068771362,0.42655250430107117,0.05056414380669594,0.1833375245332718,424.72596168787334,424.72596168787334,424.72596168787334,0.0,649216
8216.015510118976,0.2492692470550537,,,,,0.0,2048.0,1.0960289239883423,0.4091465473175049,0.056881681084632874,0.17372068762779236,,,,,651264
8658.36162391379,0.23653435707092285,,,,,0.0,2048.0,0.9490563869476318,0.4357736110687256,0.06294108927249908,0.1826472282409668,,,,,653312
8625.575469841384,0.23743343353271484,,,,,0.0,2048.0,1.102705478668213,0.4897851347923279,0.13756275177001953,0.15649504959583282,,,,,655360
8612.78430877117,0.23778605461120605,,,,,0.0,2048.0,0.8807390332221985,0.5024102926254272,0.09217818826436996,0.1689126342535019,,,,,657408
8579.818985416194,0.23869967460632324,,,,,0.0,2048.0,0.9744558334350586,0.5251209735870361,0.09448450803756714,0.1682536005973816,,,,,659456
8594.291897992282,0.238297700881958,,,,,0.0,2048.0,0.9830045104026794,0.5585224628448486,0.132034569978714,0.1873702108860016,,,,,661504
8317.253438034053,0.24623513221740723,,,,,0.0,2048.0,0.9792003631591797,0.5936391353607178,0.1408175230026245,0.1533084660768509,,,,,663552
8853.284389448536,0.23132658004760742,,,,,0.0,2048.0,0.9823201894760132,0.5861328840255737,0.15702120959758759,0.15913762152194977,,,,,665600
8886.117783853626,0.23047184944152832,,,,,0.0,2048.0,0.9756792187690735,0.6297479867935181,0.15386717021465302,0.1529424786567688,,,,,667648
8882.45148428032,0.23056697845458984,,,,,0.0,2048.0,0.958175778388977,0.5922483801841736,0.16150431334972382,0.17678606510162354,,,,,669696
8858.64383546104,0.2311866283416748,,,,,0.0,2048.0,0.9399129152297974,0.6062058210372925,0.13786427676677704,0.1653323769569397,,,,,671744
8859.301658940072,0.2311694622039795,,,,,0.0,2048.0,0.9027244448661804,0.6011523008346558,0.18911264836788177,0.15602685511112213,,,,,673792
8712.21046588875,0.23507237434387207,245.0,245.0,245.0,0.0,1.0,2048.0,0.9106970429420471,0.5758348703384399,0.11392688751220703,0.18254730105400085,6350.316221526309,6350.316221526309,6350.316221526309,0.0,675840
8657.846741843017,0.23654842376708984,,,,,0.0,2048.0,0.941552460193634,0.5682907104492188,0.11776990443468094,0.17546558380126953,,,,,677888
8678.375921011024,0.23598885536193848,,,,,0.0,2048.0,0.9662626385688782,0.5623197555541992,0.044493164867162704,0.19801297783851624,,,,,679936
8620.035756862966,0.23758602142333984,247.0,101.66666666666667,17.0,103.23220858282986,3.0,2048.0,0.9732159376144409,0.5088828802108765,0.08837694674730301,0.2221299409866333,6684.883002020612,6628.004467511851,6587.142032445132,41.4785958006601,681984
8623.791597813013,0.23748254776000977,166.0,166.0,166.0,0.0,1.0,2048.0,0.9859816431999207,0.4488685131072998,0.06589159369468689,0.2551189661026001,6683.392364949081,6683.392364949081,6683.392364949081,0.0,684032
8632.770398718441,0.23723554611206055,231.0,120.5,10.0,110.5,2.0,2048.0,0.9721864461898804,0.4241916537284851,0.0559750497341156,0.2087879180908203,6664.698321853362,6652.435956020579,6640.1735901877955,12.262365832783416,686080
8681.428163414223,0.23590588569641113,,,,,0.0,2048.0,0.9732084274291992,0.40442928671836853,0.06085020676255226,0.20093287527561188,,,,,688128
8683.534409398912,0.23584866523742676,135.0,135.0,135.0,0.0,1.0,2048.0,0.9850009083747864,0.3604601323604584,0.06567073613405228,0.2084677368402481,6916.58066697738,6916.58066697738,6916.58066697738,0.0,690176
8661.391068313587,0.2364516258239746,,,,,0.0,2048.0,1.0230401754379272,0.37639912962913513,0.06767281144857407,0.19279704988002777,,,,,692224
8671.472447423119,0.2361767292022705,,,,,0.0,2048.0,0.9746915698051453,0.4588879644870758,0.06103145703673363,0.18260766565799713,,,,,694272
8671.139816380402,0.23618578910827637,,,,,0.0,2048.0,1.134218692779541,0.40453413128852844,0.060384102165699005,0.17566171288490295,,,,,696320
8712.166284978244,0.23507356643676758,,,,,0.0,2048.0,0.9702817797660828,0.4451475739479065,0.05564834177494049,0.20616403222084045,,,,,698368
8518.397093211212,0.24042081832885742,,,,,0.0,2048.0,0.965307354927063,0.45348572731018066,0.08600851148366928,0.19593539834022522,,,,,700416
8552.696152950055,0.2394566535949707,,,,,0.0,2048.0,0.9378915429115295,0.5122555494308472,0.11264221370220184,0.17683233320713043,,,,,702464
8641.107229010198,0.23700666427612305,,,,,0.0,2048.0,0.9215830564498901,0.5072159767150879,0.11724674701690674,0.17891398072242737,,,,,704512
8864.631802289343,0.23103046417236328,,,,,0.0,2048.0,0.9231829643249512,0.5628401637077332,0.12384701520204544,0.1803039014339447,,,,,706560
8906.211992269473,0.2299518585205078,,,,,0.0,2048.0,0.9250984191894531,0.5506620407104492,0.15820671617984772,0.16232316195964813,,,,,708608
8905.057875023454,0.2299816608428955,,,,,0.0,2048.0,0.9476300477981567,0.5475397109985352,0.1332797408103943,0.1831689327955246,,,,,710656
8963.394420531442,0.2284848690032959,,,,,0.0,2048.0,0.9509380459785461,0.573992133140564,0.1814889758825302,0.1962021142244339,,,,,712704
8920.158873496854,0.22959232330322266,,,,,0.0,2048.0,0.9575769305229187,0.5768638253211975,0.14480842649936676,0.1973004788160324,,,,,714752
8939.42126641031,0.22909760475158691,59.0,59.0,59.0,0.0,1.0,2048.0,0.9769927859306335,0.5766308307647705,0.1256776750087738,0.17480608820915222,6809.740702596875,6809.740702596875,6809.740702596875,0.0,716800
9006.767806064672,0.2273845672607422,,,,,0.0,2048.0,0.9861293435096741,0.5407609939575195,0.03646482527256012,0.20948541164398193,,,,,718848
8653.947844203574,0.23665499687194824,196.0,160.0,100.0,42.708313008125245,3.0,2048.0,0.955624520778656,0.5563969612121582,0.10456956923007965,0.1778087019920349,6910.010631583683,4530.124742476534,219.4271360703077,3053.631967930817,720896
8893.809376983392,0.23027253150939941,228.0,177.5,127.0,50.5,2.0,2048.0,0.9595732688903809,0.4819630980491638,0.08337175101041794,0.2284241020679474,6886.022954942055,6824.820517261702,6763.618079581348,61.20243768035334,722944
8904.32862716805,0.23000049591064453,111.0,111.0,111.0,0.0,1.0,2048.0,0.9919632077217102,0.4306027889251709,0.037877157330513,0.2244463413953781,6786.845363970705,6786.845363970705,6786.845363970705,0.0,724992
8869.684439212771,0.23089885711669922,119.0,99.5,80.0,19.5,2.0,2048.0,0.974272608757019,0.42344480752944946,0.03879547491669655,0.2353786826133728,6963.624385162194,3761.4177322527753,559.2110793433563,3202.206652909419,727040
8885.998282785858,0.23047494888305664,152.0,152.0,152.0,0.0,1.0,2048.0,0.9789236187934875,0.36966821551322937,0.03879719600081444,0.22674474120140076,6947.406589368837,6947.406589368837,6947.406589368837,0.0,729088
8848.824654929265,0.23144316673278809,,,,,0.0,2048.0,0.97532719373703,0.36126935482025146,0.038045577704906464,0.19001732766628265,,,,,731136
8908.835258928608,0.22988414764404297,,,,,0.0,2048.0,0.9360187649726868,0.4442507028579712,0.04541834443807602,0.18514183163642883,,,,,733184
8912.680581206656,0.22978496551513672,,,,,0.0,2048.0,0.9541517496109009,0.4762675166130066,0.10806839168071747,0.18638594448566437,,,,,735232
8929.83073943512,0.22934365272521973,,,,,0.0,2048.0,0.9064262509346008,0.5053161978721619,0.07937388122081757,0.1851179450750351,,,,,737280
8947.13089887582,0.22890019416809082,,,,,0.0,2048.0,0.9440542459487915,0.5159434080123901,0.10927912592887878,0.1809406876564026,,,,,739328
8958.50542207501,0.22860956192016602,,,,,0.0,2048.0,0.9462738037109375,0.5780831575393677,0.1287161111831665,0.17235493659973145,,,,,741376
8893.358186610787,0.2302842140197754,,,,,0.0,2048.0,0.9581430554389954,0.5381965637207031,0.10781311988830566,0.1911996603012085,,,,,743424
8917.103104919497,0.22967100143432617,,,,,0.0,2048.0,0.9788563847541809,0.5622211694717407,0.12333429604768753,0.18376697599887848,,,,,745472
8902.187728774494,0.2300558090209961,,,,,0.0,2048.0,0.9826464653015137,0.5802823901176453,0.1222851350903511,0.18159377574920654,,,,,747520
8886.255673695036,0.2304682731628418,,,,,0.0,2048.0,0.9761773347854614,0.6157612800598145,0.15217150747776031,0.1971157044172287,,,,,749568
8914.04017886329,0.2297499179840088,,,,,0.0,2048.0,0.9756986498832703,0.6100438237190247,0.17213578522205353,0.20482835173606873,,,,,751616
8873.67019653418,0.23079514503479004,,,,,0.0,2048.0,0.9850686192512512,0.6276536583900452,0.14942510426044464,0.20600980520248413,,,,,753664
8953.39777466242,0.22873997688293457,,,,,0.0,2048.0,0.9858014583587646,0.6523771286010742,0.11171536147594452,0.21787507832050323,,,,,755712
8956.394426348474,0.22866344451904297,,,,,0.0,2048.0,0.9879981875419617,0.6360335350036621,0.12523947656154633,0.2071116417646408,,,,,757760
8919.71426791329,0.22960376739501953,104.0,104.0,104.0,0.0,2.0,2048.0,0.983052134513855,0.6172603964805603,0.13658232986927032,0.21346119046211243,6834.785987787044,6769.113995643508,6703.442003499972,65.67199214353604,759808
8900.6103979401,0.23009657859802246,185.0,140.5,96.0,44.5,2.0,2048.0,0.976183295249939,0.5520225763320923,0.1094525158405304,0.22961094975471497,6973.105030543236,6835.8577998189485,6698.6105690946615,137.24723072428742,761856
8859.420443036277,0.23116636276245117,109.0,109.0,109.0,0.0,1.0,2048.0,0.9890333414077759,0.5065853595733643,0.026177840307354927,0.25386855006217957,6957.353727859594,6957.353727859594,6957.353727859594,0.0,763904
8890.652005431723,0.23035430908203125,128.0,77.0,49.0,36.12016980395672,3.0,2048.0,0.999173104763031,0.4652369022369385,0.026463551446795464,0.23837411403656006,6973.433474706192,4668.855299783557,66.36505007257344,3254.4532037641643,765952
8915.88138362247,0.22970247268676758,138.0,76.0,15.0,50.21951811795888,3.0,2048.0,0.9808694124221802,0.38198161125183105,0.02723073773086071,0.21980805695056915,6868.164751206818,2645.7482451386054,524.8538545441768,2985.709818931819,768000
8936.342991731479,0.22917652130126953,,,,,0.0,2048.0,1.0012184381484985,0.3845580518245697,0.02594606950879097,0.21914717555046082,,,,,770048
8932.923107640983,0.2292642593383789,,,,,0.0,2048.0,0.9879863858222961,0.38606104254722595,0.02652767114341259,0.23417791724205017,,,,,772096
8957.384415492326,0.2286381721496582,,,,,0.0,2048.0,0.9687480330467224,0.41103053092956543,0.09425658732652664,0.2138688862323761,,,,,774144
8962.150632050314,0.2285165786743164,,,,,0.0,2048.0,0.9495697617530823,0.4926670789718628,0.08373872190713882,0.2058640569448471,,,,,776192
8916.186782560677,0.22969460487365723,,,,,0.0,2048.0,0.898624837398529,0.5698177814483643,0.10029443353414536,0.15379905700683594,,,,,778240
8920.835129456946,0.22957491874694824,,,,,0.0,2048.0,0.9159209728240967,0.5853524804115295,0.09719278663396835,0.16414529085159302,,,,,780288
8920.075506573803,0.22959446907043457,,,,,0.0,2048.0,0.9044691324234009,0.5243260860443115,0.09063587337732315,0.1924809217453003,,,,,782336
8900.619620472202,0.23009634017944336,,,,,0.0,2048.0,0.9476470947265625,0.47614139318466187,0.0830267071723938,0.20494762063026428,,,,,784384
8853.74064835849,0.23131465911865234,,,,,0.0,2048.0,0.9356690049171448,0.4761120676994324,0.0934222862124443,0.18667152523994446,,,,,786432
8948.00698762374,0.22887778282165527,,,,,0.0,2048.0,0.951490581035614,0.5652701258659363,0.20607270300388336,0.1455506533384323,,,,,788480
8197.808803502085,0.24982285499572754,,,,,0.0,2048.0,0.9184889197349548,0.5257094502449036,0.10917806625366211,0.18221786618232727,,,,,790528
8694.485783547154,0.2355515956878662,,,,,0.0,2048.0,0.9174037575721741,0.5073517560958862,0.09992172569036484,0.21196754276752472,,,,,792576
8714.800249981738,0.2350025177001953,,,,,0.0,2048.0,0.9353995323181152,0.5765477418899536,0.07735171914100647,0.2255987972021103,,,,,794624
8684.623036972107,0.23581910133361816,,,,,0.0,2048.0,0.9409343004226685,0.6227409243583679,0.08731964230537415,0.14715726673603058,,,,,796672
8637.961658823056,0.2370929718017578,3.0,3.0,3.0,0.0,1.0,2048.0,0.8932583928108215,0.5459161996841431,0.06814491748809814,0.18553893268108368,6892.112625491899,6892.112625491899,6892.112625491899,0.0,798720
8692.620518181275,0.23560214042663574,51.0,51.0,51.0,0.0,1.0,2048.0,0.8841697573661804,0.5645171403884888,0.0654926598072052,0.1863175928592682,217.92166757193021,217.92166757193021,217.92166757193021,0.0,800768
8623.099030872736,0.2375016212463379,249.0,147.25,26.0,92.49695940948546,4.0,2048.0,0.8997373580932617,0.5811910033226013,0.08415070176124573,0.16045953333377838,6961.2899492342285,5208.203376534533,221.5101927186323,2879.7492025549873,802816
8626.389714935316,0.2374110221862793,164.0,93.0,8.0,61.14736298484179,4.0,2048.0,0.9231868982315063,0.4681262969970703,0.08838184177875519,0.16709992289543152,6895.967344986053,3556.0481957670145,215.71908686480913,3338.523970800942,804864
8658.981308957627,0.23651742935180664,104.0,53.5,19.0,31.148836254345042,4.0,2048.0,1.2088452577590942,0.4317072033882141,0.02277340367436409,0.25655031204223633,6958.16371690238,3590.2882736790475,225.40147338962885,3364.5296413857245,806912
8656.520548055643,0.23658466339111328,149.0,120.0,91.0,29.0,2.0,2048.0,1.2307219505310059,0.4684111773967743,0.02214079722762108,0.3040948212146759,476.1495015558761,472.42641314308963,468.70332473030317,3.723088412786467,808960
8648.598032454136,0.2368013858795166,211.0,137.4,29.0,70.64446192023831,5.0,2048.0,1.1862022876739502,0.38921213150024414,0.021136978641152382,0.22887209057807922,502.6932279922314,478.302416862747,456.22837292661245,18.20825193573636,811008
8698.95864064318,0.23543047904968262,27.0,27.0,27.0,0.0,1.0,2048.0,1.1472009420394897,0.410932332277298,0.02164480835199356,0.24208593368530273,488.1353689240132,488.1353689240132,488.1353689240132,0.0,813056
8672.207827661021,0.23615670204162598,193.0,123.5,54.0,69.5,2.0,2048.0,1.1059086322784424,0.443586528301239,0.02169882319867611,0.2623734176158905,499.4833204550446,492.7236602600719,485.9640000650992,6.759660194972696,815104
8654.287876650775,0.23664569854736328,3.0,3.0,3.0,0.0,1.0,2048.0,1.0665473937988281,0.39506229758262634,0.02339121885597706,0.22320635616779327,505.36006568053597,505.36006568053597,505.36006568053597,0.0,817152
8474.127170093503,0.24167680740356445,,,,,0.0,2048.0,1.0424413681030273,0.39309608936309814,0.02289288491010666,0.2254249006509781,,,,,819200
8481.289276369704,0.24147272109985352,,,,,0.0,2048.0,0.9340469837188721,0.43663495779037476,0.06713627278804779,0.18962262570858002,,,,,821248
8561.843184511617,0.23920083045959473,,,,,0.0,2048.0,0.9426131844520569,0.48810669779777527,0.092169389128685,0.1788606196641922,,,,,823296
8561.723712367748,0.23920416831970215,,,,,0.0,2048.0,0.9167996644973755,0.5346438884735107,0.08387168496847153,0.15885089337825775,,,,,825344
8529.536940921336,0.24010682106018066,,,,,0.0,2048.0,0.9511683583259583,0.5263954997062683,0.11102214455604553,0.18098439276218414,,,,,827392
8492.14751338339,0.241163969039917,,,,,0.0,2048.0,0.9269380569458008,0.523170530796051,0.10117676854133606,0.16517287492752075,,,,,829440
8633.473197334157,0.23721623420715332,,,,,0.0,2048.0,0.9347580671310425,0.4838815927505493,0.062219105660915375,0.18363775312900543,,,,,831488
8629.622224610986,0.23732209205627441,,,,,0.0,2048.0,0.9201875329017639,0.46186548471450806,0.06218141317367554,0.1703016608953476,,,,,833536
8663.068213861417,0.2364058494567871,,,,,0.0,2048.0,0.8738325834274292,0.4613819122314453,0.08534538000822067,0.14284567534923553,,,,,835584
8673.53883280945,0.23612046241760254,,,,,0.0,2048.0,0.83002108335495,0.47169220447540283,0.09537859261035919,0.14353865385055542,,,,,837632
8714.667629785114,0.23500609397888184,,,,,0.0,2048.0,0.9025812745094299,0.506805419921875,0.0739583894610405,0.20433324575424194,,,,,839680
8933.062453917422,0.22926068305969238,,,,,0.0,2048.0,0.8947606086730957,0.5033801794052124,0.07825624942779541,0.1594032347202301,,,,,841728
8916.50145789542,0.22968649864196777,,,,,0.0,2048.0,0.93581622838974,0.5548096895217896,0.06968489289283752,0.16049319505691528,,,,,843776
8900.739515128782,0.23009324073791504,,,,,0.0,2048.0,0.9054157137870789,0.5392865538597107,0.08834917098283768,0.1351926028728485,,,,,845824
8894.435594580462,0.2302563190460205,10.0,10.0,10.0,0.0,1.0,2048.0,0.8504807949066162,0.5365638136863708,0.0717276930809021,0.1533222645521164,6889.54854295545,6889.54854295545,6889.54854295545,0.0,847872
8861.943072672613,0.23110055923461914,237.0,128.2,58.0,64.03561509035421,5.0,2048.0,0.9501925110816956,0.4878632426261902,0.07695702463388443,0.1803940087556839,6906.4441821455575,5556.122571888061,223.7180420707132,2666.225455713657,849920
8889.566314185951,0.23038244247436523,119.0,119.0,119.0,0.0,1.0,2048.0,1.0283482074737549,0.4821555018424988,0.020370271056890488,0.21718399226665497,226.57584769097082,226.57584769097082,226.57584769097082,0.0,851968
8849.581307563925,0.23142337799072266,237.0,131.71428571428572,5.0,83.9552845026349,7.0,2048.0,0.9911642074584961,0.3580653965473175,0.02259722165763378,0.1997060924768448,6932.723365826411,3136.834719441875,222.3353311481545,3227.700683714452,854016
8946.310886149777,0.22892117500305176,58.0,40.5,23.0,17.5,2.0,2048.0,0.9940587878227234,0.3621152341365814,0.021609188988804817,0.2260664403438568,455.64584187651496,339.3532998604436,223.06075784437223,116.29254201607137,856064
8950.300542752859,0.2288191318511963,246.0,217.0,188.0,29.0,2.0,2048.0,1.000309705734253,0.424777626991272,0.021853221580386162,0.25658005475997925,496.95396533029833,465.1268566529104,433.29974797552256,31.827108677387884,858112
8911.913100404514,0.22980475425720215,190.0,129.5,69.0,60.5,2.0,2048.0,0.9996422529220581,0.39947426319122314,0.06292525678873062,0.21862392127513885,516.1901019387182,509.22657313541976,502.26304433212135,6.963528803298402,860160
8949.666434327806,0.2288353443145752,,,,,0.0,2048.0,1.0045493841171265,0.4278438687324524,0.020803092047572136,0.2106577754020691,,,,,862208
8897.429764666887,0.2301788330078125,254.0,170.33333333333334,92.0,66.24365797736581,3.0,2048.0,0.994260311126709,0.417636513710022,0.018606258556246758,0.21804584562778473,535.4539247841367,520.9084930270097,510.1297388415685,10.676125806684215,864256
8902.8889441653,0.23003768920898438,,,,,0.0,2048.0,0.9943731427192688,0.494693398475647,0.06875909864902496,0.1889447718858719,,,,,866304
8936.938021498754,0.22916126251220703,,,,,0.0,2048.0,0.9802459478378296,0.5049614310264587,0.017870670184493065,0.21442687511444092,,,,,868352
8871.360769697101,0.23085522651672363,,,,,0.0,2048.0,1.015670657157898,0.49168860912323,0.07170891016721725,0.1869974136352539,,,,,870400
8856.068300498273,0.23125386238098145,,,,,0.0,2048.0,0.9457730650901794,0.49133050441741943,0.07523281127214432,0.17453357577323914,,,,,872448
8865.226469559222,0.23101496696472168,,,,,0.0,2048.0,0.9545825719833374,0.4461665749549866,0.0767267718911171,0.1976885050535202,,,,,874496
8954.956530079084,0.2287001609802246,,,,,0.0,2048.0,0.9398490786552429,0.5323832035064697,0.08602733910083771,0.11315961182117462,,,,,876544
8969.35630229989,0.2283329963684082,,,,,0.0,2048.0,0.9436919093132019,0.5375398397445679,0.08725034445524216,0.13383282721042633,,,,,878592
8722.206859016993,0.2348029613494873,,,,,0.0,2048.0,0.9466117024421692,0.4893968105316162,0.07805892825126648,0.16498026251792908,,,,,880640
8968.007867685903,0.22836732864379883,,,,,0.0,2048.0,0.8965749740600586,0.48724687099456787,0.099668487906456,0.1932176649570465,,,,,882688
8892.327066213662,0.23031091690063477,,,,,0.0,2048.0,0.8926964402198792,0.5218676328659058,0.06686526536941528,0.1999320536851883,,,,,884736
8966.257380517709,0.22841191291809082,,,,,0.0,2048.0,0.8971274495124817,0.5749084949493408,0.1926867961883545,0.13275165855884552,,,,,886784
8900.333730863878,0.2301037311553955,,,,,0.0,2048.0,0.9457974433898926,0.5395818948745728,0.08489847183227539,0.17479979991912842,,,,,888832
8933.294707372572,0.22925472259521484,,,,,0.0,2048.0,0.9636688232421875,0.6263297200202942,0.12134063243865967,0.18068383634090424,,,,,890880
8937.32855284925,0.22915124893188477,215.0,192.33333333333334,167.0,19.68643074697787,3.0,2048.0,0.9746942520141602,0.5093271136283875,0.07227951288223267,0.20854631066322327,6972.125746380643,6905.087487130837,6862.125734938491,48.02609896979147,892928
8935.775927730972,0.22919106483459473,110.0,110.0,110.0,0.0,1.0,2048.0,0.9766327142715454,0.4649827480316162,0.06732961535453796,0.212561696767807,6813.694831605046,6813.694831605046,6813.694831605046,0.0,894976
8885.382443633249,0.23049092292785645,,,,,0.0,2048.0,0.9665868282318115,0.526462972164154,0.01724008470773697,0.23696793615818024,,,,,897024
8910.295351051713,0.22984647750854492,,,,,0.0,2048.0,0.975591242313385,0.4595496654510498,0.02096310816705227,0.22009813785552979,,,,,899072
8150.14463723041,0.2512838840484619,23.0,13.0,3.0,10.0,2.0,2048.0,0.968783974647522,0.4861610531806946,0.08880554139614105,0.2343754768371582,6943.6920407327225,3728.512541615841,513.3330424989603,3215.179499116881,901120
8897.208587787842,0.23018455505371094,210.0,164.66666666666666,87.0,55.174470747096635,3.0,2048.0,0.9745739698410034,0.49417179822921753,0.021822145208716393,0.19556602835655212,7017.584366664267,4722.864977926966,221.29735081220696,3183.2911334950286,903168
8946.83269503775,0.22890782356262207,65.0,65.0,65.0,0.0,1.0,2048.0,0.9783876538276672,0.44623786211013794,0.08048147708177567,0.1911005824804306,6994.90180540572,6994.90180540572,6994.90180540572,0.0,905216
8958.654910819509,0.2286057472229004,,,,,0.0,2048.0,0.9548659324645996,0.4627862274646759,0.021090609952807426,0.195094496011734,,,,,907264
8946.53451107702,0.22891545295715332,142.0,83.5,25.0,58.5,2.0,2048.0,0.9376810193061829,0.41027069091796875,0.017947770655155182,0.19185970723628998,562.763737834063,540.0604492719551,517.3571607098473,22.703288562107844,909312
8948.845956788933,0.22885632514953613,,,,,0.0,2048.0,0.9637853503227234,0.46700701117515564,0.016282960772514343,0.17767439782619476,,,,,911360
8681.182501270858,0.23591256141662598,,,,,0.0,2048.0,0.9412921071052551,0.43128490447998047,0.01530298963189125,0.208486869931221,,,,,913408
8668.470938704664,0.23625850677490234,,,,,0.0,2048.0,0.935173511505127,0.5087636709213257,0.12865719199180603,0.13416427373886108,,,,,915456
8710.319923664974,0.2351233959197998,,,,,0.0,2048.0,0.9182551503181458,0.5132619142532349,0.10354885458946228,0.16469156742095947,,,,,917504
8705.870671735502,0.235243558883667,,,,,0.0,2048.0,0.9301126003265381,0.5101725459098816,0.08134018629789352,0.1518908441066742,,,,,919552
8669.809547359826,0.2362220287322998,,,,,0.0,2048.0,0.9125120639801025,0.5142707824707031,0.07249216735363007,0.16161249577999115,,,,,921600
8698.245140489375,0.23544979095458984,,,,,0.0,2048.0,0.9080753922462463,0.5492871999740601,0.10311543941497803,0.17147357761859894,,,,,923648
8712.3960306062,0.23506736755371094,,,,,0.0,2048.0,0.9386849403381348,0.554871141910553,0.1547011286020279,0.1301823854446411,,,,,925696
8710.09911945196,0.23512935638427734,,,,,0.0,2048.0,0.8867977857589722,0.47362905740737915,0.07136282324790955,0.1749405562877655,,,,,927744
8720.949415062483,0.23483681678771973,,,,,0.0,2048.0,0.9314845204353333,0.6046031713485718,0.09352950006723404,0.1418238878250122,,,,,929792
8685.316740443552,0.23580026626586914,234.0,215.5,197.0,18.5,2.0,2048.0,0.8980362415313721,0.5265040397644043,0.11450442671775818,0.15799884498119354,6893.643173199795,6723.162695300052,6552.682217400309,170.4804778997427,931840
8651.123991995384,0.23673224449157715,42.0,42.0,42.0,0.0,1.0,2048.0,0.947246253490448,0.5195562839508057,0.07684771716594696,0.1798434555530548,6272.506691420441,6272.506691420441,6272.506691420441,0.0,933888
8450.010862133924,0.24236655235290527,,,,,0.0,2048.0,0.947948157787323,0.4958103895187378,0.033465657383203506,0.2023828625679016,,,,,935936
8636.441831261342,0.23713469505310059,185.0,136.0,87.0,40.00833246545858,3.0,2048.0,0.9397966861724854,0.5093528628349304,0.09598851948976517,0.2109985500574112,529.8081102376395,511.468666926721,498.85236490700066,13.269772716544042,937984
8892.437531962294,0.23030805587768555,199.0,120.33333333333333,20.0,74.66517855659953,3.0,2048.0,0.8894543647766113,0.47223085165023804,0.0969872921705246,0.1850603222846985,6825.680296352667,2422.3687167685775,215.00285166944286,3113.61496818243,940032
8922.873781405586,0.2295224666595459,191.0,191.0,191.0,0.0,1.0,2048.0,0.8791168928146362,0.46420741081237793,0.03973309323191643,0.17523954808712006,7010.590063441197,7010.590063441197,7010.590063441197,0.0,942080
8895.126378030216,0.2302384376525879,207.0,118.33333333333333,51.0,65.4488774201327,3.0,2048.0,0.8966293334960938,0.46680349111557007,0.034088537096977234,0.2116786688566208,6720.132524284201,2576.672750961244,500.6236632271529,2929.8706257395334,944128
8893.588380060402,0.23027825355529785,,,,,0.0,2048.0,0.9112100601196289,0.45854297280311584,0.03420216962695122,0.18018950521945953,,,,,946176
8847.102157514635,0.23148822784423828,102.0,74.0,46.0,28.0,2.0,2048.0,0.9659213423728943,0.4254516065120697,0.032690610736608505,0.18340332806110382,6958.161638582179,6898.79292115534,6839.4242037285,59.36871742683934,948224
8897.254665397495,0.23018336296081543,30.0,30.0,30.0,0.0,1.0,2048.0,0.9277504086494446,0.4243842363357544,0.031197216361761093,0.15380795300006866,546.6216597886817,546.6216597886817,546.6216597886817,0.0,950272
8896.729408937812,0.23019695281982422,,,,,0.0,2048.0,0.9157015085220337,0.46148329973220825,0.03151604160666466,0.17099906504154205,,,,,952320
8904.504004984072,0.2299959659576416,,,,,0.0,2048.0,0.9429061412811279,0.48397165536880493,0.11264733225107193,0.1316327601671219,,,,,954368
8900.444395630357,0.2301008701324463,,,,,0.0,2048.0,0.8579910397529602,0.4731486439704895,0.10020654648542404,0.15091851353645325,,,,,956416
8864.887956870289,0.23102378845214844,,,,,0.0,2048.0,0.934817910194397,0.5143862366676331,0.0510982871055603,0.13855887949466705,,,,,958464
8862.052784810388,0.23109769821166992,,,,,0.0,2048.0,0.9481155276298523,0.5068682432174683,0.04563083499670029,0.15630105137825012,,,,,960512
8847.840288571573,0.23146891593933105,,,,,0.0,2048.0,0.9220209717750549,0.5010561943054199,0.043765123933553696,0.14195777475833893,,,,,962560
8695.242676049636,0.23553109169006348,,,,,0.0,2048.0,0.9130921959877014,0.535149335861206,0.03983883187174797,0.14762046933174133,,,,,964608
8665.707538718556,0.23633384704589844,,,,,0.0,2048.0,0.9566689729690552,0.5030496716499329,0.045051269233226776,0.18642574548721313,,,,,966656
8678.98093640754,0.23597240447998047,,,,,0.0,2048.0,0.9546705484390259,0.4743874669075012,0.06330344080924988,0.19460035860538483,,,,,968704
8685.255268572584,0.23580193519592285,,,,,0.0,2048.0,0.9472022652626038,0.5118999481201172,0.054750408977270126,0.198167085647583,,,,,970752
8681.1474078139,0.23591351509094238,,,,,0.0,2048.0,0.9191030859947205,0.5589385032653809,0.048919811844825745,0.17807666957378387,,,,,972800
8658.518718771387,0.23653006553649902,,,,,0.0,2048.0,0.9228898882865906,0.5519468784332275,0.033943235874176025,0.1798175722360611,,,,,974848
8706.850176165552,0.23521709442138672,,,,,0.0,2048.0,0.9116675853729248,0.5402182936668396,0.037097614258527756,0.20341427624225616,,,,,976896
8676.23712265909,0.23604702949523926,210.0,210.0,210.0,0.0,1.0,2048.0,0.861173152923584,0.5707192420959473,0.04108521714806557,0.14661774039268494,6945.754112489565,6945.754112489565,6945.754112489565,0.0,978944
8662.63139466402,0.2364177703857422,44.0,44.0,44.0,0.0,1.0,2048.0,0.8699002265930176,0.5645998120307922,0.15576685965061188,0.13525839149951935,6923.009195176662,6923.009195176662,6923.009195176662,0.0,980992
8658.719459385356,0.2365245819091797,139.0,70.5,2.0,68.5,2.0,2048.0,0.8863277435302734,0.52846759557724,0.016033420339226723,0.18520481884479523,6961.6288228702815,6937.743785343397,6913.858747816511,23.8850375268853,983040
8646.578326617673,0.23685669898986816,163.0,86.66666666666667,23.0,57.85230236463273,3.0,2048.0,0.872958242893219,0.5326375365257263,0.01546371541917324,0.19313259422779083,6938.11793812961,2536.4389232063313,329.27896874690407,3112.4613583531413,985088
8664.7984506133,0.236358642578125,204.0,145.66666666666666,98.0,43.926706632247715,3.0,2048.0,0.9151661992073059,0.5136603116989136,0.015160391107201576,0.20228946208953857,6965.019164981113,4768.593882566274,418.69049702588484,3075.896152636283,987136
8663.627406721575,0.2363905906677246,90.0,53.5,17.0,36.5,2.0,2048.0,0.9459269642829895,0.4894533157348633,0.013969210907816887,0.2129034698009491,6907.059314751818,3662.0265745271254,416.9938343024322,3245.032740224693,989184
8694.78500436767,0.23554348945617676,,,,,0.0,2048.0,0.9433858394622803,0.46108192205429077,0.013903832994401455,0.21339823305606842,,,,,991232
8694.089787656121,0.23556232452392578,157.0,79.0,1.0,78.0,2.0,2048.0,0.9620739221572876,0.4271005392074585,0.10084515810012817,0.1874629408121109,421.167050249075,420.6618303957629,420.1566105424507,0.505219853312127,993280
8700.83544052493,0.23537969589233398,,,,,0.0,2048.0,0.8670024275779724,0.4786209464073181,0.014929256401956081,0.15706105530261993,,,,,995328
8683.235962416162,0.2358567714691162,,,,,0.0,2048.0,0.9974815249443054,0.4971678853034973,0.01495624240487814,0.18838615715503693,,,,,997376
8711.671489392775,0.23508691787719727,,,,,0.0,2048.0,0.9748996496200562,0.5382965803146362,0.15266771614551544,0.14542065560817719,,,,,999424
8704.035797266364,0.23529314994812012,,,,,0.0,2048.0,0.9559911489486694,0.5380260944366455,0.05564579740166664,0.15989014506340027,,,,,1001472
8693.667431796192,0.23557376861572266,,,,,0.0,2048.0,0.895141065120697,0.5024352073669434,0.07368335872888565,0.16334450244903564,,,,,1003520
8701.311377633712,0.2353668212890625,,,,,0.0,2048.0,0.9083834290504456,0.5342110395431519,0.07949038594961166,0.16199611127376556,,,,,1005568
8714.313995660055,0.2350156307220459,,,,,0.0,2048.0,0.9363934397697449,0.5439316034317017,0.07902445644140244,0.1506115347146988,,,,,1007616
8640.872535597346,0.2370131015777588,,,,,0.0,2048.0,0.9663011431694031,0.5610585808753967,0.06068931147456169,0.13840320706367493,,,,,1009664
8677.920023114357,0.23600125312805176,,,,,0.0,2048.0,0.9758602976799011,0.5148553252220154,0.06959042698144913,0.2298223376274109,,,,,1011712
8699.266979397062,0.23542213439941406,,,,,0.0,2048.0,0.972919225692749,0.5937885046005249,0.0937134400010109,0.19754579663276672,,,,,1013760
8708.015279185758,0.2351856231689453,,,,,0.0,2048.0,0.9616798162460327,0.6267331838607788,0.0752735510468483,0.19878363609313965,,,,,1015808
8688.866020509522,0.2357039451599121,,,,,0.0,2048.0,0.9675782322883606,0.5839737057685852,0.056835100054740906,0.17025412619113922,,,,,1017856
8715.940950318758,0.2349717617034912,,,,,0.0,2048.0,0.953430712223053,0.5696349143981934,0.05181647092103958,0.2177228480577469,,,,,1019904
8705.826555101512,0.2352447509765625,225.0,225.0,225.0,0.0,1.0,2048.0,0.9616757035255432,0.5830278992652893,0.03437856584787369,0.16627644002437592,6874.214353506985,6874.214353506985,6874.214353506985,0.0,1021952
8654.575617285505,0.23663783073425293,121.0,83.5,46.0,37.5,2.0,2048.0,0.9097013473510742,0.5404845476150513,0.18840457499027252,0.16200120747089386,6866.582714244133,6769.076746250072,6671.570778256009,97.50596799406185,1024000
